"PORTO","PORTO_2_TARIFA","COD_SERVICO_ERP","NUM_CONTRATO","NUM_ITEM_CONTRATO","COD_ITEM_CONTRATO","DTUPDATE","DCR_ITEM_CONTRATO","NUM_UND_MED","DCR_MEMORIA_CALCULO","FLG_STATUS","DCR_RESUMO","STATUS_TARIFA"
"ARATU","ARATU","A.VII.2.1.9",17,165,"VII.2.1.9","2023-01-30 10:32:16","RECUPERAÇÃO DESPESAS - CONSUMO ENERGIA ELETRICA",4,"QTD_MEDICAO","A","VII -  DIVERSOS PADRONIZADOS","Atual"
"ARATU","ARATU","A.I.2.1.4",16,166,"I.2.1.4","2023-01-25 13:49:28","TARIFA VARIÁVEL (TPB/DWT) - GRANÉIS LIQUIDOS - LC",3,"QTD_MEDICAO","A","I - INFRAESTRUTURA DE ACESSO AQUAVIÁRIO","Atual"
"ARATU","ARATU","A.I.2.1.5",16,167,"I.2.1.5","2023-01-19 09:27:40","TARIFA VARIÁVEL (TPB/DWT) - PETRÓLEO, DERIVADOS OU OUTROS COMBUSTÍVEIS - LC",3,"QTD_MEDICAO","A","I - INFRAESTRUTURA DE ACESSO AQUAVIÁRIO","Atual"
"ARATU","ARATU","A.I.2.1.9.1",16,168,"I.2.1.9.1","2023-01-30 10:32:39","TARIFA VARIÁVEL (TPB/DWT) - ATRACAÇÃO NO PORTO - LC (OUTROS FINS / NÃO MOV CARGA OU PASSAGEIRO, INCLUSIVE FUNDEIO ABASTECIMENTO)",3,"QTD_MEDICAO","A","I - INFRAESTRUTURA DE ACESSO AQUAVIÁRIO","Atual"
"ARATU","ARATU","A.I.2.1.9.2",16,169,"I.2.1.9.2","2023-01-30 10:32:54","TARIFA VARIÁVEL (TPB/DWT) - ATRACAÇÃO EM TUPS  - LC (OUTROS FINS / NÃO MOV CARGA OU PASSAGEIRO, INCLUSIVE FUNDEIO ABASTECIMENTO)",3,"QTD_MEDICAO","A","I - INFRAESTRUTURA DE ACESSO AQUAVIÁRIO","Atual"
"ARATU","ARATU","A.I.2.1.9.3",16,170,"I.2.1.9.3","2023-01-30 10:33:10","TARIFA VARIÁVEL (TPB/DWT) - ATRACAÇÃO NO TEMADRE - LC (OUTROS FINS / NÃO MOV CARGA OU PASSAGEIRO, INCLUSIVE FUNDEIO ABASTECIMENTO)",3,"QTD_MEDICAO","A","I - INFRAESTRUTURA DE ACESSO AQUAVIÁRIO","Atual"
"ARATU","ARATU","A.I.2.2.3",16,171,"I.2.2.3","2023-01-19 10:04:14","TARIFA VARIÁVEL (TPB/DWT) - GRANÉIS SOLIDOS - CAB",3,"QTD_MEDICAO","A","I - INFRAESTRUTURA DE ACESSO AQUAVIÁRIO","Atual"
"ARATU","ARATU","A.I.2.2.4",16,172,"I.2.2.4","2023-01-19 10:07:06","TARIFA VARIÁVEL (TPB/DWT) - GRANÉIS LIQUIDOS - CAB",3,"QTD_MEDICAO","A","I - INFRAESTRUTURA DE ACESSO AQUAVIÁRIO","Atual"
"ARATU","ARATU","A.I.2.2.5",16,173,"I.2.2.5","2023-01-19 10:27:32","TARIFA VARIÁVEL (TPB/DWT) - PETRÓLEO, DERIVADOS OU OUTROS COMBUSTÍVEIS - CAB",3,"QTD_MEDICAO","A","I - INFRAESTRUTURA DE ACESSO AQUAVIÁRIO","Atual"
"ARATU","ARATU","A.I.2.2.9.1",16,174,"I.2.2.9.1","2023-01-30 10:33:22","TARIFA VARIÁVEL (TPB/DWT) - ATRACAÇÃO NO PORTO - CAB((OUTROS FINS / NÃO MOV CARGA OU PASSAGEIRO, INCLUSIVE FUNDEIO ABASTECIMENTO)",3,"QTD_MEDICAO","A","I - INFRAESTRUTURA DE ACESSO AQUAVIÁRIO","Atual"
"ARATU","ARATU","A.I.2.2.9.2",16,175,"I.2.2.9.2","2023-01-30 10:33:43","TARIFA VARIÁVEL (TPB/DWT) - ATRACAÇÃO EM TUPS  - CAB(OUTROS FINS / NÃO MOV CARGA OU PASSAGEIRO, INCLUSIVE FUNDEIO ABASTECIMENTO)",3,"QTD_MEDICAO","A","I - INFRAESTRUTURA DE ACESSO AQUAVIÁRIO","Atual"
"ARATU","ARATU","A.I.2.2.9.3",16,176,"I.2.2.9.3","2023-01-30 10:33:58","TARIFA VARIÁVEL (TPB/DWT) - ATRACAÇÃO NO TEMADRE - CAB(OUTROS FINS / NÃO MOV CARGA OU PASSAGEIRO, INCLUSIVE FUNDEIO ABASTECIMENTO)",3,"QTD_MEDICAO","A","I - INFRAESTRUTURA DE ACESSO AQUAVIÁRIO","Atual"
"ARATU","ARATU","A.III.1.1",19,177,"III.1.1","2023-01-27 14:52:58","PARA GRANÉIS SÓLIDOS",3,"QTD_MEDICAO","A","III - INFRAESTRUTURA OPERACIONAL OU TERRESTRE","Atual"
"ARATU","ARATU","A.III.1.2",19,178,"III.1.2","2023-01-27 14:53:15","PARA GRANÉIS LÍQUIDOS E GASOSOS",3,"QTD_MEDICAO","A","III - INFRAESTRUTURA OPERACIONAL OU TERRESTRE","Atual"
"ARATU","ARATU","A.III.3",19,179,"III.3","2023-01-20 07:22:22","VEÍCULO MOVIMENTADO ROLL - ON ROLL-OFF.",3,"QTD_MEDICAO","A","III - INFRAESTRUTURA OPERACIONAL OU TERRESTRE","Atual"
"ARATU","ARATU","A.VI.2.1",21,180,"VI.2.1","2023-01-19 11:35:45","GUINDASTE ELÉTRICO POR TON - EM LINHA DE EMBARQUE",3,"QTD_MEDICAO","A","VI - UTILIZAÇÃO DE EQUIPAMENTOS","Atual"
"ARATU","ARATU","A.VI.2.2",21,181,"VI.2.2","2023-01-19 11:36:49","GUINDASTE ELÉTRICO POR TON - EM LINHA DE DESEMBARQUE",3,"QTD_MEDICAO","A","VI - UTILIZAÇÃO DE EQUIPAMENTOS","Atual"
"ARATU","ARATU","A.VII.1",17,182,"VII.1","2023-01-19 15:28:25","ENTREGA DE ÁGUA POTÁVEL",6,"QTD_MEDICAO","A","VII -  DIVERSOS PADRONIZADOS","Atual"
"ARATU","ARATU","A.VII.6",17,183,"VII.6","2023-08-08 14:57:25","PESAGEM DE MERCADORIAS",3,"QTD_MEDICAO*1000","A","VII -  DIVERSOS PADRONIZADOS","Atual"
"ARATU","ARATU","A.VII.11",17,184,"VII.11","2023-03-04 16:31:21","UTILIZAÇÃO DE ÁREA EM PÁTIOS",12,"QTD_MEDICAO*QTD_DIAS_TOTAL","A","VII -  DIVERSOS PADRONIZADOS","Atual"
"ARATU","ARATU","A.VII.12",17,185,"VII.12","2023-01-19 15:36:20","FORNECIMENTO DE CERTIDÕES OU CERTI?CADOS",1,"QTD_MEDICAO","A","VII -  DIVERSOS PADRONIZADOS","Atual"
"ARATU","ARATU","A.VII.14",17,186,"VII.14","2024-02-20 15:41:45","UTILIZAÇÃO DE ÁREA COBERTA",12,"QTD_MEDICAO*QTD_DIAS_TOTAL","A","VII -  DIVERSOS PADRONIZADOS","Atual"
"ARATU","ARATU","A.VII.15",17,187,"VII.15","2023-03-27 09:23:19","UTILIZAÇÃO DE ÁREA DESCOBERTA",12,"QTD_MEDICAO*QTD_DIAS_TOTAL","A","VII -  DIVERSOS PADRONIZADOS","Atual"
"ARATU","ARATU","A.VIII.1.1.1",24,188,"VIII.1.1.1","2023-05-09 13:49:41","CARGAS NÃO CONSOLIDADAS - CARGA GERAL - EM PÁTIO",7,"TON_MANIFESTADA","A","VIII - USO TEMPORÁRIO E ARRENDAMENTO REALIZADO COM BASE EM ESTUDOS SIMPLIFICADOS","Atual"
"ARATU","ARATU","A.VIII.1.1.2",24,189,"VIII.1.1.2","2023-05-09 13:49:48","CARGAS NÃO CONSOLIDADAS - CARGA GERAL - EM ARMAZEM",7,"TON_MANIFESTADA","A","VIII - USO TEMPORÁRIO E ARRENDAMENTO REALIZADO COM BASE EM ESTUDOS SIMPLIFICADOS","Atual"
"ARATU","ARATU","A.VIII.1.2.1",24,190,"VIII.1.2.1","2023-05-09 13:49:56","CARGAS NÃO CONSOLIDADAS - GRANEL SÓLIDO - EM PÁTIO",7,"TON_MANIFESTADA","A","VIII - USO TEMPORÁRIO E ARRENDAMENTO REALIZADO COM BASE EM ESTUDOS SIMPLIFICADOS","Atual"
"ARATU","ARATU","A.VIII.1.2.2",24,191,"VIII.1.2.2","2023-05-09 13:50:04","CARGAS NÃO CONSOLIDADAS - GRANEL SÓLIDO - EM ARMAZEM",7,"TON_MANIFESTADA","A","VIII - USO TEMPORÁRIO E ARRENDAMENTO REALIZADO COM BASE EM ESTUDOS SIMPLIFICADOS","Atual"
"ARATU","ARATU","A.VIII.2.1",24,192,"VIII.2.1","2023-05-09 13:50:13","PLATAFORMA OFFSHORE - EM PÁTIO",7,"QTD_MEDICAO","A","VIII - USO TEMPORÁRIO E ARRENDAMENTO REALIZADO COM BASE EM ESTUDOS SIMPLIFICADOS","Atual"
"ARATU","ARATU","A.VIII.2.2",24,193,"VIII.2.2","2023-05-09 13:50:24","PLATAFORMA OFFSHORE - EM ARMAZEM",7,"QTD_MEDICAO","A","VIII - USO TEMPORÁRIO E ARRENDAMENTO REALIZADO COM BASE EM ESTUDOS SIMPLIFICADOS","Atual"
"ARATU","ARATU","A.IX.1",25,194,"IX.1","2023-05-09 13:50:56","UTILIZAÇÃO DE CONTÊINER PARA ESCRITÓRIO, DEPÓSITO E OUTRAS ?NALIDADES",7,"QTD_MEDICAO","A","IX - COMPLEMENTARES","Atual"
"ARATU","ARATU","A.II.1.1.2",18,195,"II.1.1.2","2023-01-19 23:04:11","BERÇO SUL - GRANEL SOLIDO - PIER I - METRO LINEAR OCUPADA POR EMBARCAÇÃO P/ HORA OU FRAÇÃO, LIMITE 48H -CABNI",10,"(QTD_COMPRIMENTO_NAVIO+QTD_MA1_MEDICAO)*QTD_EST_NORMAL","A","II - INSTALAÇÕES DE ACOSTAGEM","Atual"
"ARATU","ARATU","A.II.1.1.1",18,196,"II.1.1.1","2023-01-19 23:03:20","BERÇO SUL - GRANEL SOLIDO - PIER I - METRO LINEAR OCUPADA POR EMBARCAÇÃO P/ HORA OU FRAÇÃO, LIMITE 48H - LC",10,"(QTD_COMPRIMENTO_NAVIO+QTD_MA1_MEDICAO)*QTD_EST_NORMAL","A","II - INSTALAÇÕES DE ACOSTAGEM","Atual"
"ARATU","ARATU","A.II.1.2.1",18,197,"II.1.2.1","2023-01-19 22:35:10","BERÇO SUL - GRANEL SOLIDO - PIER I - METRO LINEAR OCUPADA POR EMBARCAÇÃO P/ HORA OU FRAÇÃO, POS 48H - LC",10,"(QTD_COMPRIMENTO_NAVIO+QTD_MA1_MEDICAO)*QTD_EST_NORMAL","A","II - INSTALAÇÕES DE ACOSTAGEM","Atual"
"ARATU","ARATU","A.II.1.2.2",18,198,"II.1.2.2","2023-01-19 23:09:58","BERÇO SUL - GRANEL SOLIDO - PIER I - METRO LINEAR OCUPADA POR EMBARCAÇÃO P/ HORA OU FRAÇÃO, POS 48H - CABNI",10,"(QTD_COMPRIMENTO_NAVIO+QTD_MA1_MEDICAO)*QTD_EST_NORMAL","A","II - INSTALAÇÕES DE ACOSTAGEM","Atual"
"ARATU","ARATU","A.II.2.1.1",18,199,"II.2.1.1","2023-01-19 23:22:08","BERÇO NORTE - GRANEL SOLIDO - PIER I - METRO LINEAR OCUPADA POR EMBARCAÇÃO P/ HORA OU FRAÇÃO, LIMITE 48H - LC",10,"(QTD_COMPRIMENTO_NAVIO+QTD_MA1_MEDICAO)*QTD_EST_NORMAL","A","II - INSTALAÇÕES DE ACOSTAGEM","Atual"
"ARATU","ARATU","A.II.2.1.2",18,200,"II.2.1.2","2023-01-19 18:25:43","BERÇO NORTE - GRANEL SOLIDO - PIER I - METRO LINEAR OCUPADA POR EMBARCAÇÃO P/ HORA OU FRAÇÃO, LIMITE 48H - CABNI",10,"(QTD_COMPRIMENTO_NAVIO+QTD_MA1_MEDICAO)*QTD_EST_NORMAL","A","II - INSTALAÇÕES DE ACOSTAGEM","Atual"
"ARATU","ARATU","A.II.2.2.1",18,201,"II.2.2.1","2023-01-19 18:25:43","BERÇO NORTE - GRANEL SOLIDO - PIER I - METRO LINEAR OCUPADA POR EMBARCAÇÃO P/ HORA OU FRAÇÃO, POS 48H - LC",10,"(QTD_COMPRIMENTO_NAVIO+QTD_MA1_MEDICAO)*QTD_EST_NORMAL","A","II - INSTALAÇÕES DE ACOSTAGEM","Atual"
"ARATU","ARATU","A.II.2.2.2",18,202,"II.2.2.2","2023-01-19 23:31:56","BERÇO NORTE - GRANEL SOLIDO - PIER I - METRO LINEAR OCUPADA POR EMBARCAÇÃO P/ HORA OU FRAÇÃO, POS 48H - CABNI",10,"(QTD_COMPRIMENTO_NAVIO+QTD_MA1_MEDICAO)*QTD_EST_NORMAL","A","II - INSTALAÇÕES DE ACOSTAGEM","Atual"
"ARATU","ARATU","A.II.3.1.1",18,203,"II.3.1.1","2023-01-19 23:34:10","GRANEL SOLIDO - PIER II - METRO LINEAR OCUPADA POR EMBARCAÇÃO P/ HORA OU FRAÇÃO, LIMITE 48H - LC",10,"(QTD_COMPRIMENTO_NAVIO+QTD_MA1_MEDICAO)*QTD_EST_NORMAL","A","II - INSTALAÇÕES DE ACOSTAGEM","Atual"
"ARATU","ARATU","A.II.3.1.2",18,204,"II.3.1.2","2023-01-19 18:25:43","GRANEL SOLIDO - PIER II - METRO LINEAR OCUPADA POR EMBARCAÇÃO P/ HORA OU FRAÇÃO, LIMITE 48H - CABNI",10,"(QTD_COMPRIMENTO_NAVIO+QTD_MA1_MEDICAO)*QTD_EST_NORMAL","A","II - INSTALAÇÕES DE ACOSTAGEM","Atual"
"ARATU","ARATU","A.II.3.2.1",18,205,"II.3.2.1","2023-01-20 08:23:31","GRANEL SOLIDO - PIER II - METRO LINEAR OCUPADA POR EMBARCAÇÃO P/ HORA OU FRAÇÃO, POS 48H - LC",10,"(QTD_COMPRIMENTO_NAVIO+QTD_MA1_MEDICAO)*QTD_EST_NORMAL","A","II - INSTALAÇÕES DE ACOSTAGEM","Atual"
"ARATU","ARATU","A.II.3.2.2",18,206,"II.3.2.2","2023-01-19 18:25:43","GRANEL SOLIDO - PIER II - METRO LINEAR OCUPADA POR EMBARCAÇÃO P/ HORA OU FRAÇÃO, POS 48H - CABNI",10,"(QTD_COMPRIMENTO_NAVIO+QTD_MA1_MEDICAO)*QTD_EST_NORMAL","A","II - INSTALAÇÕES DE ACOSTAGEM","Atual"
"ARATU","ARATU","A.II.4.1.1",18,207,"II.4.1.1","2023-01-20 08:30:11","PRODUTOS GASOSOS - METRO LINEAR OCUPADA POR EMBARCAÇÃO P/ HORA OU FRAÇÃO, LIMITE 48H - LC",10,"(QTD_COMPRIMENTO_NAVIO+QTD_MA1_MEDICAO)*QTD_EST_NORMAL","A","II - INSTALAÇÕES DE ACOSTAGEM","Atual"
"ARATU","ARATU","A.II.4.1.2",18,208,"II.4.1.2","2023-01-20 08:31:48","PRODUTOS GASOSOS - METRO LINEAR OCUPADA POR EMBARCAÇÃO P/ HORA OU FRAÇÃO, LIMITE 48H - CABNI",10,"(QTD_COMPRIMENTO_NAVIO+QTD_MA1_MEDICAO)*QTD_EST_NORMAL","A","II - INSTALAÇÕES DE ACOSTAGEM","Atual"
"ARATU","ARATU","A.II.4.2.1",18,209,"II.4.2.1","2023-01-20 08:36:37","PRODUTOS GASOSOS - METRO LINEAR OCUPADA POR EMBARCAÇÃO P/ HORA OU FRAÇÃO, POS 48H - LC",10,"(QTD_COMPRIMENTO_NAVIO+QTD_MA1_MEDICAO)*QTD_EST_NORMAL","A","II - INSTALAÇÕES DE ACOSTAGEM","Atual"
"ARATU","ARATU","A.II.4.2.2",18,210,"II.4.2.2","2023-01-20 08:37:56","PRODUTOS GASOSOS - METRO LINEAR OCUPADA POR EMBARCAÇÃO P/ HORA OU FRAÇÃO, POS 48H - CABNI",10,"(QTD_COMPRIMENTO_NAVIO+QTD_MA1_MEDICAO)*QTD_EST_NORMAL","A","II - INSTALAÇÕES DE ACOSTAGEM","Atual"
"ARATU","ARATU","A.II.5.1.1.1",18,211,"II.5.1.1.1","2023-01-30 10:40:01","GRANÉIS LÍQUIDOS - TGL - NORTE - METRO LINEAR OCUPADA POR EMBARCAÇÃO P/ HORA OU FRAÇÃO, LIMITE 48H - LC",10,"(QTD_COMPRIMENTO_NAVIO+QTD_MA1_MEDICAO)*QTD_EST_NORMAL","A","II - INSTALAÇÕES DE ACOSTAGEM","Atual"
"ARATU","ARATU","A.II.5.1.1.2",18,212,"II.5.1.1.2","2023-01-26 11:15:01","GRANÉIS LÍQUIDOS - TGL - SUL - METRO LINEAR OCUPADA POR EMBARCAÇÃO P/ HORA OU FRAÇÃO, LIMITE 48H - LC",10,"(QTD_COMPRIMENTO_NAVIO+QTD_MA1_MEDICAO)*QTD_EST_NORMAL","A","II - INSTALAÇÕES DE ACOSTAGEM","Atual"
"ARATU","ARATU","A.II.5.1.2.1",18,213,"II.5.1.2.1","2023-01-30 10:40:19","GRANÉIS LÍQUIDOS - TGL - NORTE - METRO LINEAR OCUPADA POR EMBARCAÇÃO P/ HORA OU FRAÇÃO, LIMITE 48H - CAB",10,"(QTD_COMPRIMENTO_NAVIO+QTD_MA1_MEDICAO)*QTD_EST_NORMAL","A","II - INSTALAÇÕES DE ACOSTAGEM","Atual"
"ARATU","ARATU","A.II.5.1.2.2",18,214,"II.5.1.2.2","2023-01-30 10:40:31","GRANÉIS LÍQUIDOS - TGL - SUL - METRO LINEAR OCUPADA POR EMBARCAÇÃO P/ HORA OU FRAÇÃO, LIMITE 48H - CAB",10,"(QTD_COMPRIMENTO_NAVIO+QTD_MA1_MEDICAO)*QTD_EST_NORMAL","A","II - INSTALAÇÕES DE ACOSTAGEM","Atual"
"ARATU","ARATU","A.II.5.2.1.1",18,215,"II.5.2.1.1","2023-01-30 10:40:47","GRANÉIS LÍQUIDOS - TGL - NORTE - METRO LINEAR OCUPADA POR EMBARCAÇÃO P/ HORA OU FRAÇÃO, POS 48H - LC",10,"(QTD_COMPRIMENTO_NAVIO+QTD_MA1_MEDICAO)*QTD_EST_NORMAL","A","II - INSTALAÇÕES DE ACOSTAGEM","Atual"
"ARATU","ARATU","A.II.5.2.1.2",18,216,"II.5.2.1.2","2023-01-30 10:41:00","GRANÉIS LÍQUIDOS - TGL - SUL - METRO LINEAR OCUPADA POR EMBARCAÇÃO P/ HORA OU FRAÇÃO, POS 48H - LC",10,"(QTD_COMPRIMENTO_NAVIO+QTD_MA1_MEDICAO)*QTD_EST_NORMAL","A","II - INSTALAÇÕES DE ACOSTAGEM","Atual"
"ARATU","ARATU","A.II.5.2.2.1",18,217,"II.5.2.2.1","2023-01-30 10:42:27","GRANÉIS LÍQUIDOS - TGL - NORTE - METRO LINEAR OCUPADA POR EMBARCAÇÃO P/ HORA OU FRAÇÃO, POS 48H - CAB",10,"(QTD_COMPRIMENTO_NAVIO+QTD_MA1_MEDICAO)*QTD_EST_NORMAL","A","II - INSTALAÇÕES DE ACOSTAGEM","Atual"
"ARATU","ARATU","A.II.5.2.2.2",18,218,"II.5.2.2.2","2023-01-30 10:42:41","GRANÉIS LÍQUIDOS - TGL - SUL - METRO LINEAR OCUPADA POR EMBARCAÇÃO P/ HORA OU FRAÇÃO, POS 48H - CAB",10,"(QTD_COMPRIMENTO_NAVIO+QTD_MA1_MEDICAO)*QTD_EST_NORMAL","A","II - INSTALAÇÕES DE ACOSTAGEM","Atual"
"ARATU","ARATU","A.II.1.2.1.9",18,219,"II.1.2.1.9","2023-01-30 10:44:21","BERÇO SUL - GRANEL SOLIDO - PIER I - METRO LINEAR OCUPADA POR EMBARCAÇÃO P/ HORA OU FRAÇÃO, POS 48H - LC - DOBRO",10,"(QTD_COMPRIMENTO_NAVIO+QTD_MA1_MEDICAO)*QTD_ESTADIA_HR","A","II - INSTALAÇÕES DE ACOSTAGEM","Atual"
"ARATU","ARATU","A.II.1.1.1.9",18,220,"II.1.1.1.9","2023-01-30 10:43:15","BERÇO SUL - GRANEL SOLIDO - PIER I - METRO LINEAR OCUPADA POR EMBARCAÇÃO P/ HORA OU FRAÇÃO, LIMITE 48H - LC - DOBRO",10,"(QTD_COMPRIMENTO_NAVIO+QTD_MA1_MEDICAO)*QTD_ESTADIA_HR","A","II - INSTALAÇÕES DE ACOSTAGEM","Atual"
"ARATU","ARATU","A.II.1.2.2.9",18,221,"II.1.2.2.9","2023-01-30 19:57:15","BERÇO SUL - GRANEL SOLIDO - PIER I - METRO LINEAR OCUPADA POR EMBARCAÇÃO P/ HORA OU FRAÇÃO, POS 48H - CABNI - DOBRO",10,"(QTD_COMPRIMENTO_NAVIO+QTD_MA1_MEDICAO)*QTD_ESTADIA_HR","A","II - INSTALAÇÕES DE ACOSTAGEM","Atual"
"ARATU","ARATU","A.II.2.1.1.9",18,222,"II.2.1.1.9","2023-01-30 19:57:32","BERÇO NORTE - GRANEL SOLIDO - PIER I - METRO LINEAR OCUPADA POR EMBARCAÇÃO P/ HORA OU FRAÇÃO, LIMITE 48H - LC - DOBRO",10,"(QTD_COMPRIMENTO_NAVIO+QTD_MA1_MEDICAO)*QTD_ESTADIA_HR","A","II - INSTALAÇÕES DE ACOSTAGEM","Atual"
"ARATU","ARATU","A.II.2.1.2.9",18,223,"II.2.1.2.9","2023-01-30 19:57:46","BERÇO NORTE - GRANEL SOLIDO - PIER I - METRO LINEAR OCUPADA POR EMBARCAÇÃO P/ HORA OU FRAÇÃO, LIMITE 48H - CABNI - DOBRO",10,"(QTD_COMPRIMENTO_NAVIO+QTD_MA1_MEDICAO)*QTD_ESTADIA_HR","A","II - INSTALAÇÕES DE ACOSTAGEM","Atual"
"ARATU","ARATU","A.II.2.2.1.9",18,224,"II.2.2.1.9","2023-01-30 19:58:09","BERÇO NORTE - GRANEL SOLIDO - PIER I - METRO LINEAR OCUPADA POR EMBARCAÇÃO P/ HORA OU FRAÇÃO, POS 48H - LC - DOBRO",10,"(QTD_COMPRIMENTO_NAVIO+QTD_MA1_MEDICAO)*QTD_ESTADIA_HR","A","II - INSTALAÇÕES DE ACOSTAGEM","Atual"
"ARATU","ARATU","A.II.2.2.2.9",18,225,"II.2.2.2.9","2023-01-30 19:58:27","BERÇO NORTE - GRANEL SOLIDO - PIER I - METRO LINEAR OCUPADA POR EMBARCAÇÃO P/ HORA OU FRAÇÃO, POS 48H - CABNI - DOBRO",10,"(QTD_COMPRIMENTO_NAVIO+QTD_MA1_MEDICAO)*QTD_ESTADIA_HR","A","II - INSTALAÇÕES DE ACOSTAGEM","Atual"
"ARATU","ARATU","A.II.3.1.1.9",18,226,"II.3.1.1.9","2023-01-30 19:58:56","GRANEL SOLIDO - PIER II - METRO LINEAR OCUPADA POR EMBARCAÇÃO P/ HORA OU FRAÇÃO, LIMITE 48H - LC - DOBRO",10,"(QTD_COMPRIMENTO_NAVIO+QTD_MA1_MEDICAO)*QTD_ESTADIA_HR","A","II - INSTALAÇÕES DE ACOSTAGEM","Atual"
"ARATU","ARATU","A.II.3.1.2.9",18,227,"II.3.1.2.9","2023-01-30 19:59:21","GRANEL SOLIDO - PIER II - METRO LINEAR OCUPADA POR EMBARCAÇÃO P/ HORA OU FRAÇÃO, LIMITE 48H - CABNI - DOBRO",10,"(QTD_COMPRIMENTO_NAVIO+QTD_MA1_MEDICAO)*QTD_ESTADIA_HR","A","II - INSTALAÇÕES DE ACOSTAGEM","Atual"
"ARATU","ARATU","A.II.3.2.1.9",18,228,"II.3.2.1.9","2023-01-30 19:59:38","GRANEL SOLIDO - PIER II - METRO LINEAR OCUPADA POR EMBARCAÇÃO P/ HORA OU FRAÇÃO, POS 48H - LC - DOBRO",10,"(QTD_COMPRIMENTO_NAVIO+QTD_MA1_MEDICAO)*QTD_ESTADIA_HR","A","II - INSTALAÇÕES DE ACOSTAGEM","Atual"
"ARATU","ARATU","A.II.3.2.2.9",18,229,"II.3.2.2.9","2023-01-30 19:59:52","GRANEL SOLIDO - PIER II - METRO LINEAR OCUPADA POR EMBARCAÇÃO P/ HORA OU FRAÇÃO, POS 48H - CABNI - DOBRO",10,"(QTD_COMPRIMENTO_NAVIO+QTD_MA1_MEDICAO)*QTD_ESTADIA_HR","A","II - INSTALAÇÕES DE ACOSTAGEM","Atual"
"ARATU","ARATU","A.II.4.1.1.9",18,230,"II.4.1.1.9","2023-01-26 21:33:01","PRODUTOS GASOSOS - METRO LINEAR OCUPADA POR EMBARCAÇÃO P/ HORA OU FRAÇÃO, LIMITE 48H - LC - DOBRO",10,"(QTD_COMPRIMENTO_NAVIO+QTD_MA1_MEDICAO)*QTD_ESTADIA_HR","A","II - INSTALAÇÕES DE ACOSTAGEM","Atual"
"ARATU","ARATU","A.II.4.1.2.9",18,231,"II.4.1.2.9","2023-01-30 20:00:09","PRODUTOS GASOSOS - METRO LINEAR OCUPADA POR EMBARCAÇÃO P/ HORA OU FRAÇÃO, LIMITE 48H - CABNI - DOBRO",10,"(QTD_COMPRIMENTO_NAVIO+QTD_MA1_MEDICAO)*QTD_ESTADIA_HR","A","II - INSTALAÇÕES DE ACOSTAGEM","Atual"
"ARATU","ARATU","A.II.4.2.1.9",18,232,"II.4.2.1.9","2023-01-30 20:00:43","PRODUTOS GASOSOS - METRO LINEAR OCUPADA POR EMBARCAÇÃO P/ HORA OU FRAÇÃO, POS 48H - LC - DOBRO",10,"(QTD_COMPRIMENTO_NAVIO+QTD_MA1_MEDICAO)*QTD_ESTADIA_HR","A","II - INSTALAÇÕES DE ACOSTAGEM","Atual"
"ARATU","ARATU","A.II.4.2.2.9",18,233,"II.4.2.2.9","2023-01-30 20:01:07","PRODUTOS GASOSOS - METRO LINEAR OCUPADA POR EMBARCAÇÃO P/ HORA OU FRAÇÃO, POS 48H - CABNI - DOBRO",10,"(QTD_COMPRIMENTO_NAVIO+QTD_MA1_MEDICAO)*QTD_ESTADIA_HR","A","II - INSTALAÇÕES DE ACOSTAGEM","Atual"
"ARATU","ARATU","A.II.5.1.1.1.9",18,234,"II.5.1.1.1.9","2023-01-30 20:01:25","GRANÉIS LÍQUIDOS - TGL - NORTE - METRO LINEAR OCUPADA POR EMBARCAÇÃO P/ HORA OU FRAÇÃO, LIMITE 48H - LC - DOBRO",10,"(QTD_COMPRIMENTO_NAVIO+QTD_MA1_MEDICAO)*QTD_ESTADIA_HR","A","II - INSTALAÇÕES DE ACOSTAGEM","Atual"
"ARATU","ARATU","A.II.5.1.1.2.9",18,235,"II.5.1.1.2.9","2023-01-26 11:15:20","GRANÉIS LÍQUIDOS - TGL - SUL - METRO LINEAR OCUPADA POR EMBARCAÇÃO P/ HORA OU FRAÇÃO, LIMITE 48H - LC - DOBRO",10,"(QTD_COMPRIMENTO_NAVIO+QTD_MA1_MEDICAO)*QTD_ESTADIA_HR","A","II - INSTALAÇÕES DE ACOSTAGEM","Atual"
"ARATU","ARATU","A.II.5.1.2.1.9",18,236,"II.5.1.2.1.9","2023-01-30 20:01:39","GRANÉIS LÍQUIDOS - TGL - NORTE - METRO LINEAR OCUPADA POR EMBARCAÇÃO P/ HORA OU FRAÇÃO, LIMITE 48H - CAB- DOBRO",10,"(QTD_COMPRIMENTO_NAVIO+QTD_MA1_MEDICAO)*QTD_ESTADIA_HR","A","II - INSTALAÇÕES DE ACOSTAGEM","Atual"
"ARATU","ARATU","A.II.5.1.2.2.9",18,237,"II.5.1.2.2.9","2023-01-30 20:01:56","GRANÉIS LÍQUIDOS - TGL - SUL - METRO LINEAR OCUPADA POR EMBARCAÇÃO P/ HORA OU FRAÇÃO, LIMITE 48H - CAB- DOBRO",10,"(QTD_COMPRIMENTO_NAVIO+QTD_MA1_MEDICAO)*QTD_ESTADIA_HR","A","II - INSTALAÇÕES DE ACOSTAGEM","Atual"
"ARATU","ARATU","A.II.5.2.1.1.9",18,238,"II.5.2.1.1.9","2023-01-30 20:02:25","GRANÉIS LÍQUIDOS - TGL - NORTE - METRO LINEAR OCUPADA POR EMBARCAÇÃO P/ HORA OU FRAÇÃO, POS 48H - LC - DOBRO",10,"(QTD_COMPRIMENTO_NAVIO+QTD_MA1_MEDICAO)*QTD_ESTADIA_HR","A","II - INSTALAÇÕES DE ACOSTAGEM","Atual"
"ARATU","ARATU","A.II.5.2.1.2.9",18,239,"II.5.2.1.2.9","2023-01-30 10:43:29","GRANÉIS LÍQUIDOS - TGL - SUL - METRO LINEAR OCUPADA POR EMBARCAÇÃO P/ HORA OU FRAÇÃO, POS 48H - LC - DOBRO",10,"(QTD_COMPRIMENTO_NAVIO+QTD_MA1_MEDICAO)*QTD_ESTADIA_HR","A","II - INSTALAÇÕES DE ACOSTAGEM","Atual"
"ARATU","ARATU","A.II.5.2.2.1.9",18,240,"II.5.2.2.1.9","2023-01-30 20:02:41","GRANÉIS LÍQUIDOS - TGL - NORTE - METRO LINEAR OCUPADA POR EMBARCAÇÃO P/ HORA OU FRAÇÃO, POS 48H - CAB- DOBRO",10,"(QTD_COMPRIMENTO_NAVIO+QTD_MA1_MEDICAO)*QTD_ESTADIA_HR","A","II - INSTALAÇÕES DE ACOSTAGEM","Atual"
"ARATU","ARATU","A.II.5.2.2.2.9",18,241,"II.5.2.2.2.9","2023-01-30 20:02:59","GRANÉIS LÍQUIDOS - TGL - SUL - METRO LINEAR OCUPADA POR EMBARCAÇÃO P/ HORA OU FRAÇÃO, POS 48H - CAB- DOBRO",10,"(QTD_COMPRIMENTO_NAVIO+QTD_MA1_MEDICAO)*QTD_ESTADIA_HR","A","II - INSTALAÇÕES DE ACOSTAGEM","Atual"
"ARATU","ARATU","A.III.C.24.02.1",19,242,"III.C.24.02.1","2023-08-15 16:46:06","CONTRATO ULTRACARGO 024/2002 (LC.)
ANTIGO I.3.1.6 - CONTRATO TEQUIMAR 024/2002 (LC)",3,"QTD_MEDICAO","A","III - INFRAESTRUTURA OPERACIONAL OU TERRESTRE","Atual"
"ARATU","ARATU","A.III.C.24.02.2",19,243,"III.C.24.02.2","2023-08-15 16:46:51","CONTRATO ULTRACARGO 024/2002 (CAB)
ANTIGO I.3.1.7 - CONTRATO TEQUIMAR 024/2002 (CAB)",3,"QTD_MEDICAO","A","III - INFRAESTRUTURA OPERACIONAL OU TERRESTRE","Atual"
"ARATU","ARATU","A.III.C.44.01.2",19,244,"III.C.44.01.2","2024-02-05 08:57:47","CONTRATO ULTRACARGO 044/2001 (CAB)
ANTIGO I.3.1.5.7 - TEQUIMAR-CONTRATO TEQUIMAR 044/2001 (CAB)",3,"QTD_MEDICAO","D","III - INFRAESTRUTURA OPERACIONAL OU TERRESTRE","Atual"
"ARATU","ARATU","A.III.C.44.02.1",19,245,"III.C.44.02.1","2023-10-16 09:41:25","CONTRATO VOPAK 044/2002 (LC.)
ANTIGO I.3.1.5 - VOPAK2-CONTRATO VOPAK 044/2002 (LC",3,"QTD_MEDICAO","A","III - INFRAESTRUTURA OPERACIONAL OU TERRESTRE","Atual"
"ARATU","ARATU","A.III.C.44.02.2",19,246,"III.C.44.02.2","2023-10-16 09:40:36","CONTRATO VOPAK 044/2002 (CAB) 
ANTIGO I.3.1.5.13 - VOPAK2-CONTRATO VOPAK 044/2002 (CAB)",3,"QTD_MEDICAO","A","III - INFRAESTRUTURA OPERACIONAL OU TERRESTRE","Atual"
"ARATU","ARATU","A.III.C.44.01.1",19,247,"III.C.44.01.1","2024-02-05 08:58:49","CONTRATO ULTRACARGO 044/2001 (LC.)
ANTIGO I.3.1.5 - TEQUIMAR-CONTRATO TEQUIMAR 044/2001 (LC",3,"QTD_MEDICAO","D","III - INFRAESTRUTURA OPERACIONAL OU TERRESTRE","Atual"
"ARATU","ARATU","A.III.C.16.99.1",19,248,"III.C.16.99.1","2023-02-24 15:07:14","CONTRATO VOPAK 016/1999 (LC.)
ANTIGO I.3.1.5 - VOPAK-CONTRATO VOPAK 016/1999 ( LC)",3,"QTD_MEDICAO","A","III - INFRAESTRUTURA OPERACIONAL OU TERRESTRE","Atual"
"ARATU","ARATU","A.III.C.16.99.2",19,249,"III.C.16.99.2","2023-02-24 15:07:23","CONTRATO VOPAK 016/1999 (CAB)
ANTIGO I.3.1.5.10 - VOPAK-CONTRATO VOPAK 016/1999 (CAB)",3,"QTD_MEDICAO","A","III - INFRAESTRUTURA OPERACIONAL OU TERRESTRE","Atual"
"ARATU","ARATU","A.III.98",19,250,"III.98 S","2023-03-03 09:53:12","PARA GRANÉIS SÓLIDOS - COBRANÇA AGENTE NOCIVO - TERRESTRE",3,"QTD_MEDICAO*0,35","A","III - INFRAESTRUTURA OPERACIONAL OU TERRESTRE","Atual"
"ARATU","ARATU","A.III.98",19,251,"III.98 L/G","2023-03-03 09:55:08","PARA GRANÉIS LÍQUIDOS E GASOSOS - COBRANÇA AGENTE NOCIVO - TERRESTRE",3,"QTD_MEDICAO*0.35","A","III - INFRAESTRUTURA OPERACIONAL OU TERRESTRE","Atual"
"ARATU","ARATU","A.VII.1.9",17,252,"VII.1.9","2023-11-06 11:21:31","RECUPERAÇAO DESPESA - CONSUMO DE ÁGUA",6,"QTD_MEDICAO","A","VII -  DIVERSOS PADRONIZADOS","Atual"
"ARATU","ARATU","A.VII.99",17,253,"VII.99","2023-02-23 13:58:13","A.VII.99 DIFERENÇA DO VALOR MÍNIMO - DIVERSOS",11,"1","A","VII -  DIVERSOS PADRONIZADOS","Atual"
"ARATU","ARATU","A.III.98",19,254,"III.98","2023-03-30 10:21:54","COBRANÇA AGENTE NOCIVO - TERRESTRE - IMO - VIA RSP",3,"QTD_MEDICAO","A","III - INFRAESTRUTURA OPERACIONAL OU TERRESTRE","Atual"
"ARATU","ARATU","A.III.C.02.21.1",19,255,"III.C.02.21.1","2024-02-22 10:51:46","CONTRATO ATU12 02/2021 (LC)",3,"QTD_MEDICAO/1000","D","III - INFRAESTRUTURA OPERACIONAL OU TERRESTRE","Atual"
"ARATU","ARATU","A.III.C.02.21.2",19,256,"III.C.02.21.2","2024-02-22 10:52:03","CONTRATO ATU12 02/2021 (CAB",3,"QTD_MEDICAO/1000","D","III - INFRAESTRUTURA OPERACIONAL OU TERRESTRE","Atual"
"ARATU","ARATU","A.III.C.03.21.1",19,257,"III.C.03.21.1","2024-02-22 10:52:22","CONTRATO ATU18 03/2021 (LC)",3,"QTD_MEDICAO/1000","D","III - INFRAESTRUTURA OPERACIONAL OU TERRESTRE","Atual"
"ARATU","ARATU","A.III.C.03.21.2",19,258,"III.C.03.21.2","2024-02-22 10:52:46","CONTRATO ATU18 03/2021 (CAB",3,"QTD_MEDICAO/1000","D","III - INFRAESTRUTURA OPERACIONAL OU TERRESTRE","Atual"
"ARATU","ARATU","A.VII.98",17,259,"VII.98","2023-03-06 17:41:39","COBRANÇA AGENTE NOCIVO - DIVERSOS - VIA RSP",3,"QTD_MEDICAO*0.35","A","VII -  DIVERSOS PADRONIZADOS","Atual"
"SALVADOR","SALVADOR","I.2.1",2,2,"1","2022-10-06 12:06:12","POR METRO DE COMPRIMENTO TOTAL DA EMBARCAÇÃO ATRACADA, EM CAIS LINEAR POR HORA OU FRAÇÃO",10,"(QTD_COMPRIMENTO_NAVIO*QTD_EST_NORMAL)","A","ACOSTAGEM - TARIFARIO ANTIGO NAO ALTERAR","Antiga"
"SALVADOR","SALVADOR","I.2.1.1",2,3,"2","2022-12-20 17:17:48","POR METRO DE COMPRIMENTO TOTAL DA EMBARCAÇÃO ATRACADA, EM CAIS LINEAR POR HORA OU FRAÇÃO (EM DOBRO)",10,"(QTD_COMPRIMENTO_NAVIO*QTD_ESTADIA_HR)","A","ACOSTAGEM - TARIFARIO ANTIGO NAO ALTERAR","Antiga"
"SALVADOR","SALVADOR","I.2.2.1",2,4,"I.2.2.1","2022-10-05 23:05:22","ATRACAÇÃO EM TERMINAIS DE GRANÉIS SÓLIDOS, LÍQUIDOS OU GASOSOS, POR HORA OU FRAÇÃO - PIER DE GRANÉIS SÓLIDOS - BERÇO SUL (TGS I - SUL)",10,"QTD_MEDICAO","A","ACOSTAGEM - TARIFARIO ANTIGO NAO ALTERAR","Antiga"
"SALVADOR","SALVADOR","I.2.2.1.1",2,5,"I.2.2.1.1","2022-05-23 10:23:50","ATRACAÇÃO EM TERMINAIS DE GRANÉIS SÓLIDOS, LÍQUIDOS OU GASOSOS, POR HORA OU FRAÇÃO - PIER DE GRANÉIS SÓLIDOS - BERÇO SUL (TGS I - SUL) (EM DOBRO)",10,"QTD_MEDICAO","A","ACOSTAGEM - TARIFARIO ANTIGO NAO ALTERAR","Antiga"
"SALVADOR","SALVADOR","I.1.1.1",3,16,"15","2022-11-17 09:28:54","POR TONELADA DE MERCADORIA CARREGADA, DESCARREGADA - CARGA GERAL SOLTA OU UNITIZADA (LC)",3,"QTD_MEDICAO","A","MARÍTIMA - TARIFARIO ANTIGO NAO ALTERAR","Antiga"
"SALVADOR","SALVADOR","I.1.1.2",3,17,"16","2022-11-17 09:31:00","POR TONELADA DE MERCADORIA CARREGADA, DESCARREGADA OU BALDEADA - GRANEL SÓLIDO (LC)",3,"QTD_MEDICAO","A","MARÍTIMA - TARIFARIO ANTIGO NAO ALTERAR","Antiga"
"SALVADOR","SALVADOR","I.1.1.3",3,18,"17","2022-11-17 09:32:16","POR TONELADA DE MERCADORIA CARREGADA, DESCARREGADA OU BALDEADA - GRANEL LÍQUIDO",3,"QTD_MEDICAO","A","MARÍTIMA - TARIFARIO ANTIGO NAO ALTERAR","Antiga"
"SALVADOR","SALVADOR","I.1.2.1",3,19,"18","2022-10-05 11:41:41","POR CONTÊINER CARREGADO, DESCARREGADO OU BALDEADO - CONTÊINER CHEIO (LC)",14,"QTD_MEDICAO","A","MARÍTIMA - TARIFARIO ANTIGO NAO ALTERAR","Antiga"
"SALVADOR","SALVADOR","I.1.2.2",3,20,"19","2022-10-05 11:47:18","POR CONTÊINER CARREGADO, DESCARREGADO OU BALDEADO - CONTÊINER VAZIO (LC)",14,"QTD_MEDICAO","A","MARÍTIMA - TARIFARIO ANTIGO NAO ALTERAR","Antiga"
"SALVADOR","SALVADOR","I.1.3",3,21,"20","2022-10-05 11:43:57","POR VEÍCULO MOVIMENTADO PELO SISTEMA ROLL - ON ROLL-OFF",1,"QTD_MEDICAO","A","MARÍTIMA - TARIFARIO ANTIGO NAO ALTERAR","Antiga"
"SALVADOR","SALVADOR","I.1.4.1",3,22,"21","2022-10-05 09:45:51","POR TONELADA DE COMBUSTÍVEL RECEBIDO POR NAVIO - NAVIO ATRACADO",3,"QTD_MEDICAO","A","MARÍTIMA - TARIFARIO ANTIGO NAO ALTERAR","Antiga"
"SALVADOR","SALVADOR","I.1.5.1",3,23,"22","2022-10-06 01:55:50","POR TONELADA LÍQUIDA DE REGISTRO (TLR) DA EMBARCAÇÃO DESTINADA AO TRANSPORTE DE PASSAGEIROS - COM ATRACAÇÃO NO PORTO",3,"(TLR_EMBARCACAO*VLR_TARIFA)","A","MARÍTIMA - TARIFARIO ANTIGO NAO ALTERAR","Antiga"
"SALVADOR","SALVADOR","I.1.6.1",3,24,"23","2022-10-17 11:10:34","POR TONELADA DE PORTE BRUTO (DEADWEIGHT) DE EMBARCAÇÃO SEM MOVIMENTAÇÃO DE MERCADORIA - COM ATRACAÇÃO NO PORTO",3,"QTD_MEDICAO","A","MARÍTIMA - TARIFARIO ANTIGO NAO ALTERAR","Antiga"
"SALVADOR","SALVADOR","I.1.6.2",3,25,"24","2022-10-05 09:50:07","POR TONELADA DE PORTE BRUTO (DEADWEIGHT) DE EMBARCAÇÃO SEM MOVIMENTAÇÃO DE MERCADORIA - COM ATRACAÇÃO NO TERMINAL DA GERDAU, FORD, DOW, MOINHO DIAS BRANCO E OUTROS",3,"QTD_MEDICAO","A","MARÍTIMA - TARIFARIO ANTIGO NAO ALTERAR","Antiga"
"SALVADOR","SALVADOR","I.1.6.4",3,27,"26","2022-10-05 09:51:47","POR TONELADA DE PORTE BRUTO (DEADWEIGHT) DE EMBARCAÇÃO SEM MOVIMENTAÇÃO DE MERCADORIA - SEM ATRACAÇÃO NO PORTO ORGANIZADO",3,"QTD_MEDICAO","A","MARÍTIMA - TARIFARIO ANTIGO NAO ALTERAR","Antiga"
"SALVADOR","SALVADOR","I.1.1.1.3",3,28,"76","2022-11-17 09:31:51","POR TONELADA DE MERCADORIA CARREGADA, DESCARREGADA OU BALDEADA - CARGA GERAL OU UNITIZADA CABTAGEM-DEX 003/2016",3,"QTD_MEDICAO","A","MARÍTIMA - TARIFARIO ANTIGO NAO ALTERAR","Antiga"
"SALVADOR","SALVADOR","I.1.1.2.1",3,29,"77","2022-11-17 09:31:30","POR TONELADA DE MERCADORIA CARREGADA, DESCARREGADA OU BALDEADA - GRANEL SÓLIDO (CAB",3,"QTD_MEDICAO","A","MARÍTIMA - TARIFARIO ANTIGO NAO ALTERAR","Antiga"
"SALVADOR","SALVADOR","I.1.2.1.1",3,30,"78","2022-10-05 16:25:31","POR CONTÊINER CARREGADO, DESCARREGADO OU BALDEADO - CONTÊINER CHEIO CABTAGEM-DEX 024/2016",14,"QTD_MEDICAO","A","MARÍTIMA - TARIFARIO ANTIGO NAO ALTERAR","Antiga"
"SALVADOR","SALVADOR","I.1.2.2.1",3,31,"79","2022-10-05 16:26:26","POR CONTÊINER CARREGADO, DESCARREGADO OU BALDEADO - CONTÊINER VAZIO CABTAGEM-DEX 024/2016",14,"QTD_MEDICAO","A","MARÍTIMA - TARIFARIO ANTIGO NAO ALTERAR","Antiga"
"SALVADOR","SALVADOR","I.1.20",3,32,"I.1.20","2022-10-05 23:22:41","DIFERENÇA VALOR MÍNIMO MARÍTIMA",1,"1","A","MARÍTIMA - TARIFARIO ANTIGO NAO ALTERAR","Antiga"
"SALVADOR","SALVADOR","I.3.1.1",4,33,"27","2022-11-17 09:44:51","POR TONELADA DE MERCADORIA MOVIMENTADA A PARTIR DA EMBARCAÇÃO - CARGA GERAL OU UNITIZADA (LC)",3,"QTD_MEDICAO","A","TERRESTRE - TARIFARIO ANTIGO NAO ALTERAR","Antiga"
"SALVADOR","SALVADOR","I.3.1.2",4,34,"28","2022-11-17 09:45:44","POR TONELADA DE MERCADORIA MOVIMENTADA A PARTIR DA EMBARCAÇÃO - GRANEL LÍQUIDO EM SALVADOR (LC)",3,"QTD_MEDICAO","A","TERRESTRE - TARIFARIO ANTIGO NAO ALTERAR","Antiga"
"SALVADOR","SALVADOR","I.3.1.3",4,35,"29","2022-11-17 09:46:21","POR TONELADA DE MERCADORIA MOVIMENTADA A PARTIR DA EMBARCAÇÃO - GRANEL SÓLIDO NO PORTO DE SALVADOR E NO TGS II DO PORTO DE ARATU-CANDEIAS",3,"QTD_MEDICAO","A","TERRESTRE - TARIFARIO ANTIGO NAO ALTERAR","Antiga"
"SALVADOR","SALVADOR","I.3.1.4",4,36,"I.3.1.4","2022-11-17 09:50:53","POR TONELADA DE MERCADORIA MOVIMENTADA A PARTIR DA EMBARCAÇÃO - GRANEL SÓLIDO NO TGS I DO PORTO DE ARATU-CANDEIAS",3,"QTD_MEDICAO","A","TERRESTRE - TARIFARIO ANTIGO NAO ALTERAR","Antiga"
"SALVADOR","SALVADOR","I.3.1.5",4,37,"I.3.1.5","2022-11-17 09:51:04","GRANEL LÍQUIDO E PRODUTO GASOSO NO TGL E TPG DE ARATU",3,"QTD_MEDICAO","A","TERRESTRE - TARIFARIO ANTIGO NAO ALTERAR","Antiga"
"SALVADOR","SALVADOR","I.3.2.1",4,38,"32","2022-10-05 16:55:40","POR CONTÊINER MOVIMENTADO A PARTIR DA EMBARCAÇÃO - CONTÊINER CHEIO (LC)",14,"QTD_MEDICAO","A","TERRESTRE - TARIFARIO ANTIGO NAO ALTERAR","Antiga"
"SALVADOR","SALVADOR","I.3.2.2",4,39,"33","2022-10-05 16:56:23","POR CONTÊINER MOVIMENTADO A PARTIR DA EMBARCAÇÃO - CONTÊINER VAZIO (LC)",14,"QTD_MEDICAO","A","TERRESTRE - TARIFARIO ANTIGO NAO ALTERAR","Antiga"
"SALVADOR","SALVADOR","I.3.3",4,40,"34","2022-10-05 08:59:20","VEÍCULO MOVIMENTADO PELO SISTEMA ROLL - ON ROLL-OFF",1,"QTD_MEDICAO","A","TERRESTRE - TARIFARIO ANTIGO NAO ALTERAR","Antiga"
"SALVADOR","SALVADOR","I.3.4",4,41,"35","2022-10-05 08:51:24","PASSAGEIRO EMBARCADO, DESEMBARCADO NO PORTO",1,"QTD_MEDICAO","A","TERRESTRE - TARIFARIO ANTIGO NAO ALTERAR","Antiga"
"SALVADOR","SALVADOR","I.3.5",4,42,"36","2022-10-05 08:54:05","PASSAGEIRO EM TRÂNSITO NO PORTO",1,"QTD_MEDICAO","A","TERRESTRE - TARIFARIO ANTIGO NAO ALTERAR","Antiga"
"SALVADOR","SALVADOR","I.3.1.2.2",4,43,"83","2022-11-17 09:47:05","POR TONELADA DE MERCADORIA MOVIMENTADA A PARTIR DA EMBARCAÇÃO - GRANEL LÍQUIDO EM SALVADOR (CAB",3,"QTD_MEDICAO","A","TERRESTRE - TARIFARIO ANTIGO NAO ALTERAR","Antiga"
"SALVADOR","SALVADOR","I.3.1.1.1",4,49,"84","2022-11-17 09:47:36","POR TONELADA DE MERCADORIA MOVIMENTADA A PARTIR DA EMBARCAÇÃO - CARGA GERAL OU UNITIZADA (CAB",3,"QTD_MEDICAO","A","TERRESTRE - TARIFARIO ANTIGO NAO ALTERAR","Antiga"
"SALVADOR","SALVADOR","I.3.1.1.1",4,50,"85","2023-05-11 10:22:58","CARGA GERAL - TECON CONTRATO 12/2000 (LC)",3,"QTD_MEDICAO","D","TERRESTRE - TARIFARIO ANTIGO NAO ALTERAR","Antiga"
"SALVADOR","SALVADOR","I.3.1.1.1",4,51,"86","2023-05-11 10:23:48","CARGA GERAL - TECON CONTRATO 12/2000 (CAB",3,"QTD_MEDICAO","D","TERRESTRE - TARIFARIO ANTIGO NAO ALTERAR","Antiga"
"SALVADOR","SALVADOR","I.3.2.2.1",4,52,"90","2023-05-11 10:24:42","CONTEINER - TECON CONTRATO 12/2000 (LC)",14,"QTD_MEDICAO","D","TERRESTRE - TARIFARIO ANTIGO NAO ALTERAR","Antiga"
"SALVADOR","SALVADOR","I.3.2.2.2",4,53,"91","2023-05-11 10:25:41","CONTEINER - TECON CONTRATO 12/2000 (CAB",14,"QTD_MEDICAO","D","TERRESTRE - TARIFARIO ANTIGO NAO ALTERAR","Antiga"
"SALVADOR","SALVADOR","II.2.1",5,54,"II.2.1","2022-10-05 23:25:29","UTILIZAÇÃO DE GUINDASTE DO PORTO, POR TONELADA",3,"QTD_MEDICAO","A","EQUIPAMENTOS PORTUÁRIOS- TARIFARIO ANTIGO NAO ALTERAR","Antiga"
"SALVADOR","SALVADOR","II.2.2",5,55,"II.2.2","2022-10-05 23:25:38","PORTÊINER, POR UNIDADE DE CONTÊINER MOVIMENTADO",14,"QTD_MEDICAO","A","EQUIPAMENTOS PORTUÁRIOS- TARIFARIO ANTIGO NAO ALTERAR","Antiga"
"SALVADOR","SALVADOR","II.2.3.1",5,56,"39","2022-11-17 21:33:29","GUINDASTE DE PÓRTICO, POR HORA OU FRAÇÃO - CAPACIDADE ATÉ 5 TONELADAS",10,"(QTD_MEDICAO*QTD_PRD_COBRANCA)","A","EQUIPAMENTOS PORTUÁRIOS- TARIFARIO ANTIGO NAO ALTERAR","Antiga"
"SALVADOR","SALVADOR","II.2.3.2",5,57,"40","2022-11-17 21:33:44","GUINDASTE DE PÓRTICO, POR HORA OU FRAÇÃO - CAPACIDADE ATÉ 10 TONELADAS",10,"(QTD_MEDICAO*QTD_PRD_COBRANCA)","A","EQUIPAMENTOS PORTUÁRIOS- TARIFARIO ANTIGO NAO ALTERAR","Antiga"
"SALVADOR","SALVADOR","II.2.3.3",5,58,"41","2022-11-17 21:33:54","GUINDASTE DE PÓRTICO, POR HORA OU FRAÇÃO - CAPACIDADE SUPERIOR A 10 TONELADAS",10,"(QTD_MEDICAO*QTD_PRD_COBRANCA)","A","EQUIPAMENTOS PORTUÁRIOS- TARIFARIO ANTIGO NAO ALTERAR","Antiga"
"SALVADOR","SALVADOR","II.2.4.1",5,59,"II.2.4.1","2022-10-05 23:25:48","GUINDASTE ESPECIAL, POR TONELADA - TIPO CANGURU",3,"QTD_MEDICAO","A","EQUIPAMENTOS PORTUÁRIOS- TARIFARIO ANTIGO NAO ALTERAR","Antiga"
"SALVADOR","SALVADOR","II.2.5.1",5,60,"II.2.5.1","2022-10-05 23:26:01","DESCARREGADOR OU CARREGADOR DE GRANÉIS SÓLIDOS, POR TONELADA - EM LINHA DE EMBARQUE",3,"QTD_MEDICAO","A","EQUIPAMENTOS PORTUÁRIOS- TARIFARIO ANTIGO NAO ALTERAR","Antiga"
"SALVADOR","SALVADOR","II.2.5.2",5,61,"II.2.5.2","2022-10-05 23:26:11","DESCARREGADOR OU CARREGADOR DE GRANÉIS SÓLIDOS, POR TONELADA - EM LINHA DE DESCARGA",3,"QTD_MEDICAO","A","EQUIPAMENTOS PORTUÁRIOS- TARIFARIO ANTIGO NAO ALTERAR","Antiga"
"SALVADOR","SALVADOR","II.2.6.1",5,62,"45","2022-11-17 21:34:27","EQUIPAMENTO AUXILIAR, POR HORA OU FRAÇÃO - GRAB ATÉ 5M3",10,"(QTD_MEDICAO*QTD_PRD_COBRANCA)","A","EQUIPAMENTOS PORTUÁRIOS- TARIFARIO ANTIGO NAO ALTERAR","Antiga"
"SALVADOR","SALVADOR","II.2.6.2",5,63,"46","2022-11-17 21:34:41","EQUIPAMENTO AUXILIAR, POR HORA OU FRAÇÃO - GRAB SUPERIOR A 5M3",10,"(QTD_MEDICAO*QTD_PRD_COBRANCA)","A","EQUIPAMENTOS PORTUÁRIOS- TARIFARIO ANTIGO NAO ALTERAR","Antiga"
"SALVADOR","SALVADOR","II.2.6.3",5,64,"47","2022-11-17 21:34:54","EQUIPAMENTO AUXILIAR, POR HORA OU FRAÇÃO - PRANCHA PARA PASSAGEIROS",10,"(QTD_MEDICAO*QTD_PRD_COBRANCA)","A","EQUIPAMENTOS PORTUÁRIOS- TARIFARIO ANTIGO NAO ALTERAR","Antiga"
"SALVADOR","SALVADOR","II.2.6.4",5,65,"48","2022-11-17 21:35:07","EQUIPAMENTO AUXILIAR, POR HORA OU FRAÇÃO - FLUTUANTE PARA NAVIOS",10,"(QTD_MEDICAO*QTD_PRD_COBRANCA)","A","EQUIPAMENTOS PORTUÁRIOS- TARIFARIO ANTIGO NAO ALTERAR","Antiga"
"SALVADOR","SALVADOR","II.2.6.5",5,66,"49","2022-11-17 21:36:02","EQUIPAMENTO AUXILIAR, POR HORA OU FRAÇÃO - MOEGA MÓVEL PARA GRANÉIS SÓLIDOS ATÉ 20M3",10,"(QTD_MEDICAO*QTD_PRD_COBRANCA)","A","EQUIPAMENTOS PORTUÁRIOS- TARIFARIO ANTIGO NAO ALTERAR","Antiga"
"SALVADOR","SALVADOR","II.3.1.1",6,67,"50","2022-10-05 09:56:36","FORNECIMENTO DE ÁGUA, POR METRO CÚBICO - A EMBARCAÇÃO",6,"QTD_MEDICAO","A","DIVERSOS - TARIFARIO ANTIGO NAO ALTERAR","Antiga"
"SALVADOR","SALVADOR","II.3.1.2",6,68,"51","2022-10-05 10:01:14","FORNECIMENTO DE ÁGUA, POR METRO CÚBICO - A CONSUMIDOR/USUÁRIO, INSTALADO NA ÁREA DO PORTO",6,"QTD_MEDICAO","A","DIVERSOS - TARIFARIO ANTIGO NAO ALTERAR","Antiga"
"SALVADOR","SALVADOR","II.3.2.1",6,69,"52","2022-11-19 18:58:23","SUPRIMENTO DE ENERGIA ELÉTRICA ÀS EMBARCAÇÕES OU CONSUMIDORES, POR LIGAÇÃO OU DESLIGAMENTO",4,"QTD_GERADA","A","DIVERSOS - TARIFARIO ANTIGO NAO ALTERAR","Antiga"
"SALVADOR","SALVADOR","II.3.3",6,70,"53","2022-10-05 10:10:19","PESAGEM DE MERCADORIA CARREGADA EM VEÍCULO, INCLUINDO A TARA, POR TONELADA",3,"QTD_MEDICAO","A","DIVERSOS - TARIFARIO ANTIGO NAO ALTERAR","Antiga"
"SALVADOR","SALVADOR","II.3.6",6,78,"61","2022-10-05 10:11:56","FORNECIMENTO DE CERTIDÃO, CERTIFICADO DE PESAGEM, EXPEDIENTE PARA TRANSFERÊNCIA DE MERCADORIA ENTRE NAVIOS, RELATÓRIO ESTATÍSTICO E DESEMPENHO OPERACIONAL, TARIFA PORTUÁRIA, POR UNIDADE",1,"QTD_MEDICAO","A","DIVERSOS - TARIFARIO ANTIGO NAO ALTERAR","Antiga"
"SALVADOR","SALVADOR","II.3.7.1",6,79,"II.3.7.1","2022-10-05 23:44:43","FORNECIMENTO DE CARTÃO EXTERNO, POR UNIDADE - CARTÃO ELETRÔNICO DE IDENTIFICAÇÃO PARA PESSOAS",1,"QTD_MEDICAO","A","DIVERSOS - TARIFARIO ANTIGO NAO ALTERAR","Antiga"
"SALVADOR","SALVADOR","II.3.7.2",6,80,"63","2022-10-05 10:27:31","FORNECIMENTO DE CARTÃO EXTERNO, POR UNIDADE - CARTÃO DE TRÂNSITO PARA VEÍCULO",1,"QTD_MEDICAO","A","DIVERSOS - TARIFARIO ANTIGO NAO ALTERAR","Antiga"
"SALVADOR","SALVADOR","II.3.8",6,81,"64","2022-11-17 23:09:17","PELO ESTACIONAMENTO DE CAMINHÃO/CARRETA VAZIA OU EQUIPAMENTOS, NO INTERIOR DO PORTO E FORA DAS ÁREAS ARRENDADAS - POR DIA OU FRAÇÃO DE DIA",1,"(QTD_MEDICAO*QTD_DIAS_TOTAL)","A","DIVERSOS - TARIFARIO ANTIGO NAO ALTERAR","Antiga"
"SALVADOR","SALVADOR","II.3.9.2",6,82,"66","2022-10-05 10:17:58","PELA UTILIZAÇÃO DE ÁREAS DO PORTO PARA ATIVIDADES DE APOIO À OPERAÇÃO DE NAVIOS - PELA OVAÇÃO DE CONTÊINERES DE EXPORTAÇÃO, INCLUINDO A PERMANÊNCIA POR 3 DIAS NO PÁTIO, POR CONTÊINER",14,"QTD_MEDICAO","A","DIVERSOS - TARIFARIO ANTIGO NAO ALTERAR","Antiga"
"SALVADOR","SALVADOR","II.3.9.2.1",6,83,"II.3.9.2.1","2022-10-05 23:46:10","PELOS DIAS SUBSEQUENTES, POR DIA, POR CONTÊINER",1,"QTD_MEDICAO","A","DIVERSOS - TARIFARIO ANTIGO NAO ALTERAR","Antiga"
"SALVADOR","SALVADOR","II.3.9.11",6,84,"74","2022-10-05 10:21:03","UTILIZAÇÃO DE PLATAFORMA FITO - SANITÁRIA",14,"QTD_MEDICAO","A","DIVERSOS - TARIFARIO ANTIGO NAO ALTERAR","Antiga"
"SALVADOR","SALVADOR","II.3.9.10",6,85,"80","2022-11-17 23:13:29","PELA INSTALAÇÃO DE CONTEINER (20 TEUS) PARA ESCRITÓRIO, DEPÓSITOS POR MÊS",7,"(QTD_MEDICAO*QTD_DIAS_TOTAL)","A","DIVERSOS - TARIFARIO ANTIGO NAO ALTERAR","Antiga"
"SALVADOR","SALVADOR","II.3.1.3",6,86,"81","2022-10-05 09:57:44","RECUPERAÇÃO DESPESA CONSUMO DE ÁGUA",1,"QTD_MEDICAO","A","DIVERSOS - TARIFARIO ANTIGO NAO ALTERAR","Antiga"
"SALVADOR","SALVADOR","II.3.9.25",6,87,"89","2022-11-19 19:41:26","TAXA DE ADMINISTRAÇÃO DE REEMBOLSO ENERGIA",1,"(QTD_MA1_MEDICAO*0.3)","A","DIVERSOS - TARIFARIO ANTIGO NAO ALTERAR","Antiga"
"SALVADOR","SALVADOR","II.3.2.1",6,88,"87","2022-11-19 19:04:14","SUPRIMENTO DE ENERGIA ELÉTRICA ÀS EMBARCAÇÕES OU CONSUMIDORES, POR LIGAÇÃO OU DESLIGAMENTO",1,"QTD_GERADA","A","DIVERSOS - TARIFARIO ANTIGO NAO ALTERAR","Antiga"
"SALVADOR","SALVADOR","II.3.2.2",6,89,"88","2022-10-05 10:23:58","RECUPERAÇÃO DESPESA - CONSUMO ENERGIA ELÉTRICA",1,"QTD_MEDICAO","A","DIVERSOS - TARIFARIO ANTIGO NAO ALTERAR","Antiga"
"SALVADOR","SALVADOR","II.3.9.25",6,90,"82","2022-11-20 11:32:40","TAXA DE ADMINISTRAÇÃO DE REEMBOLSO AGUA",1,"QTD_MA1_MEDICAO","A","DIVERSOS - TARIFARIO ANTIGO NAO ALTERAR","Antiga"
"SALVADOR","SALVADOR","II.3.2.2",6,91,"92","2022-10-17 16:35:01","RECUPERAÇÃO DESPESAS - CONSUMO ENERGIA ELÉTRICA",1,"QTD_MEDICAO","A","DIVERSOS - TARIFARIO ANTIGO NAO ALTERAR","Antiga"
"SALVADOR","SALVADOR","II.3.9.25",6,92,"93","2022-11-19 19:50:21","TAXA DE ADMINISTRAÇÃO DE REEMBOLSO",1,"QTD_MA1_MEDICAO","A","DIVERSOS - TARIFARIO ANTIGO NAO ALTERAR","Antiga"
"SALVADOR","SALVADOR","II.3.1.3",6,93,"94","2022-05-31 10:45:11","RECUPERAÇÃO DESPESA CONSUMO DE ÁGUA",6,"QTD_MEDICAO","A","DIVERSOS - TARIFARIO ANTIGO NAO ALTERAR","Antiga"
"SALVADOR","SALVADOR","II.3.9.25",6,94,"95","2022-11-19 19:58:11","TAXA DE ADMINISTRAÇÃO DE REEMBOLSO",1,"QTD_MA1_MEDICAO","A","DIVERSOS - TARIFARIO ANTIGO NAO ALTERAR","Antiga"
"SALVADOR","SALVADOR","II.3.20",6,95,"97","2022-10-05 14:45:23","DIFERENÇA VALOR MÍNIMO DIVERSOS",1,"QTD_MEDICAO","A","DIVERSOS - TARIFARIO ANTIGO NAO ALTERAR","Antiga"
"SALVADOR","SALVADOR","II.3.8.1",6,96,"II.3.8.1","2022-10-06 00:59:04","ESTACIONAMENTO DE GUINDASTE - NORMA/DEX 463ª",1,"QTD_MEDICAO","A","DIVERSOS - TARIFARIO ANTIGO NAO ALTERAR","Antiga"
"SALVADOR","SALVADOR","II.1.1.1",7,97,"68","2022-11-18 15:17:43","ARMAZENAGEM NO 1 PERÍODO DE 15 DIAS - DURANTE O PRIMEIRO PERÍODO DE 15 DIAS PARA LONGO CURSO E 30 DIAS PARA CABTAGEM NA ARMAZENAGEM DE MERCADORIA DE IMPORTAÇÃO, OU FRAÇÃO DESSE PERÍODO",12,"(QTD_MEDICAO*0.5/100)","A","ARMAZENAGEM - TARIFARIO ANTIGO NAO ALTERAR","Antiga"
"SALVADOR","SALVADOR","II.1.1.2",7,98,"69","2022-11-18 13:16:29","ARMAZENAGEM NO 1 PERÍODO DE 15 DIAS - MERCADORIA NÃO CONTEINERIZADA, ARMAZÉM OU PÁTIO, EXPORTADA EM LONGO CURSO OU CABTAGEM, POR TONELADA E POR DIA OU FRAÇÃO",12,"(QTD_MEDICAO*QTD_DIAS_TOTAL)","A","ARMAZENAGEM - TARIFARIO ANTIGO NAO ALTERAR","Antiga"
"SALVADOR","SALVADOR","II.1.2.1.1",7,99,"70","2022-11-18 11:04:29","A PARTIR DO 16 (DÉCIMO SEXTO DIA) - GRANÉIS SÓLIDOS POR TONELADA E POR DIA OU FRAÇÃO",3,"(QTD_MEDICAO*QTD_DIAS_TOTAL)","A","ARMAZENAGEM - TARIFARIO ANTIGO NAO ALTERAR","Antiga"
"SALVADOR","SALVADOR","II.1.2.1.2",7,100,"71","2022-11-18 11:05:15","A PARTIR DO 16 (DÉCIMO SEXTO DIA) - MERCADORIA (CARGA GERAL) NÃO CONTEINERIZADA, POR TONELADA E POR DIA OU FRAÇÃO",3,"(QTD_MEDICAO*QTD_DIAS_TOTAL)","A","ARMAZENAGEM - TARIFARIO ANTIGO NAO ALTERAR","Antiga"
"SALVADOR","SALVADOR","II.1.2.1.3",7,101,"72","2022-11-18 11:06:22","A PARTIR DO 16 (DÉCIMO SEXTO DIA) - VEÍCULO MONTADO ATÉ 2000 KG, POR DIA OU FRAÇÃO",1,"(QTD_MEDICAO*QTD_DIAS_TOTAL)","A","ARMAZENAGEM - TARIFARIO ANTIGO NAO ALTERAR","Antiga"
"SALVADOR","SALVADOR","II.1.3.1.1",7,102,"73","2022-11-18 13:41:03","A PARTIR DO 31 DIA - MERCADORIA NÃO CONTEINERIZADA IMPORTADA OU EXPORTADA POR CABTAGEM, EM ARMAZÉM OU PÁTIO, POR TONELADA E POR DIA OU FRAÇÃO",3,"(QTD_MEDICAO*QTD_DIAS_TOTAL)","A","ARMAZENAGEM - TARIFARIO ANTIGO NAO ALTERAR","Antiga"
"SALVADOR","SALVADOR","I.3.1.5.1",4,104,"I.3.1.5.1","2022-11-17 09:52:04","GRANEL LÍQUIDO - TGL E TPG PORTO ARATU (CAB",3,"QTD_MEDICAO","A","TERRESTRE - TARIFARIO ANTIGO NAO ALTERAR","Antiga"
"SALVADOR","SALVADOR","I.3.1.3.1",4,105,"I.3.1.3.1","2022-11-17 09:49:23","GRANEL SÓLIDO NO PORTO DE SALVADOR E NO TGS II DO PORTO DE ARATU - CANDEIAS",3,"QTD_MEDICAO","A","TERRESTRE - TARIFARIO ANTIGO NAO ALTERAR","Antiga"
"SALVADOR","SALVADOR","I.3.1.5.3",4,106,"I.3.1.5.3","2022-11-17 10:01:52","GRANEL GASOSO - TGL E TPG PORTO ARATU (CAB",3,"QTD_MEDICAO","A","TERRESTRE - TARIFARIO ANTIGO NAO ALTERAR","Antiga"
"SALVADOR","SALVADOR","I.3.1.5.2",4,107,"I.3.1.5.2","2022-11-17 10:01:22","GRANEL GASOSO - TGL E TPG PORTO ARATU (LC)",3,"QTD_MEDICAO","A","TERRESTRE - TARIFARIO ANTIGO NAO ALTERAR","Antiga"
"SALVADOR","SALVADOR","I.3.1.5-TE",4,113,"I.3.1.5-TE","2022-11-17 10:02:33"," CONTRATO TEQUIMAR 044/2001 (LC)",3,"QTD_MEDICAO","A","TERRESTRE - TARIFARIO ANTIGO NAO ALTERAR","Antiga"
"SALVADOR","SALVADOR","I.3.1.4.1",4,116,"I.3.1.4.1","2022-11-17 10:01:01","POR TONELADA DE MERCADORIA MOVIMENTADA A PARTIR DA EMBARCAÇÃO - GRANEL SÓLIDO NO TGS I DO PORTO DE ARATU-CANDEIAS (CAB",3,"QTD_MEDICAO","A","TERRESTRE - TARIFARIO ANTIGO NAO ALTERAR","Antiga"
"SALVADOR","SALVADOR","II.3.9.7",6,123,"II.3.9.7","2022-10-07 13:07:03","ULT. AREA P/DEP.CONT. DES/RET. REC. PORTO ATE 5 DIAS",3,"QTD_MEDICAO","A","DIVERSOS - TARIFARIO ANTIGO NAO ALTERAR","Antiga"
"SALVADOR","SALVADOR","I.3.2.1.1",4,125,"I.3.2.1.1","2022-10-05 17:00:56","POR CONTÊINER MOVIMENTADO A PARTIR DA EMBARCAÇÃO - CONTÊINER CHEIO (CAB",14,"QTD_MEDICAO","A","TERRESTRE - TARIFARIO ANTIGO NAO ALTERAR","Antiga"
"SALVADOR","SALVADOR","I.3.2.2.3",4,126,"I.3.2.2.3","2022-10-05 17:21:57","POR CONTÊINER MOVIMENTADO A PARTIR DA EMBARCAÇÃO - CONTÊINER VAZIO (CAB",14,"QTD_MEDICAO","A","TERRESTRE - TARIFARIO ANTIGO NAO ALTERAR","Antiga"
"SALVADOR","SALVADOR","II.1.20",7,127,"II.1.20","2022-10-05 21:56:08","DIFERENÇA VALOR MINIMO ARMAZENAGEM",1,"QTD_MEDICAO","A","ARMAZENAGEM - TARIFARIO ANTIGO NAO ALTERAR","Antiga"
"SALVADOR","SALVADOR","II.2.20",5,128,"II.2.20","2022-10-05 23:25:16","DIFERENCA VALOR MINIMO EQUIPAMENTOS PORTUARIOS",1,"1","A","EQUIPAMENTOS PORTUÁRIOS- TARIFARIO ANTIGO NAO ALTERAR","Antiga"
"SALVADOR","SALVADOR","I.3.20",4,129,"I.3.20","2022-10-05 23:37:53","DIFERENÇA VALOR MINIMO TERRESTRE",1,"1","A","TERRESTRE - TARIFARIO ANTIGO NAO ALTERAR","Antiga"
"SALVADOR","SALVADOR","I.3.9.9.9",4,130,"I399991","2022-10-07 12:30:44","REMO(BORDO) - TRANSBOR(EMBARQUE)(CAB",14,"QTD_MEDICAO","A","TERRESTRE - TARIFARIO ANTIGO NAO ALTERAR","Antiga"
"SALVADOR","SALVADOR","I.3.9.9.9",4,131,"I399999","2022-10-07 12:29:15","REMO(BORDO) - TRANSBOR(EMBARQUE) (LC)",14,"QTD_MEDICAO","A","TERRESTRE - TARIFARIO ANTIGO NAO ALTERAR","Antiga"
"SALVADOR","SALVADOR","S.I.1",10,132,"I.1","2024-03-05 16:38:49","TARIFA FIXA POR ACESSO AQUAVIÁRIO (ENTRADA E SAÍDA) DE UMA EMBARCAÇÃO.",11,"QTD_GERADA","A","I - INFRAESTRUTURA DE ACESSO AQUAVIÁRIO ","Atual"
"SALVADOR","SALVADOR","S.I.2.1.1",10,133,"I.2.1.1","2023-04-05 22:26:43","TARIFA VARIÁVEL (TPB/DWT) - CARGA GERAL OU PROJETO SOLTA - LC",3,"QTD_MEDICAO","A","I - INFRAESTRUTURA DE ACESSO AQUAVIÁRIO ","Atual"
"SALVADOR","SALVADOR","S.I.2.1.2",10,134,"I.2.1.2 ","2023-01-19 18:25:43","TARIFA VARIÁVEL (TPB/DWT) - CARGA GERALCONTEINERIZADA - LC",3,"QTD_MEDICAO","A","I - INFRAESTRUTURA DE ACESSO AQUAVIÁRIO ","Atual"
"SALVADOR","SALVADOR","S.I.2.1.3.1",10,135,"I.2.1.3.1 ","2023-01-19 18:25:43","TARIFA VARIÁVEL (TPB/DWT) - GRANÉIS SOLIDOS MINERAIS - LC",3,"QTD_MEDICAO","A","I - INFRAESTRUTURA DE ACESSO AQUAVIÁRIO ","Atual"
"SALVADOR","SALVADOR","S.I.2.1.3.2",10,136,"I.2.1.3.2 ","2023-01-19 18:25:43","TARIFA VARIÁVEL (TPB/DWT) - GRANÉIS SOLIDOS VEGETAIS - LC",3,"QTD_MEDICAO","A","I - INFRAESTRUTURA DE ACESSO AQUAVIÁRIO ","Atual"
"SALVADOR","SALVADOR","S.I.2.1.4",10,137,"I.2.1.4","2023-01-19 18:25:43","TARIFA VARIÁVEL (TPB/DWT) - GRANÉIS LIQUIDOS - LC",3,"QTD_MEDICAO","A","I - INFRAESTRUTURA DE ACESSO AQUAVIÁRIO ","Atual"
"SALVADOR","SALVADOR","S.I.2.1.6",10,138,"I.2.1.6","2023-01-19 18:25:43","TARIFA VARIÁVEL (TPB/DWT) - EMBARCAÇÕES ROLL-ON ROLL-OFF - LC",3,"QTD_MEDICAO","A","I - INFRAESTRUTURA DE ACESSO AQUAVIÁRIO ","Atual"
"SALVADOR","SALVADOR","S.I.2.1.7",10,139,"I.2.1.7","2023-01-19 18:25:43","TARIFA VARIÁVEL (TPB/DWT) - EMBARCAÇÕES DE TURISMO, TRANSPORTE DE PASSAGEIROS - LC",3,"QTD_MEDICAO","A","I - INFRAESTRUTURA DE ACESSO AQUAVIÁRIO ","Atual"
"SALVADOR","SALVADOR","S.I.2.1.9.1",10,140,"I.2.1.9.1","2023-01-19 18:25:43","TARIFA VARIÁVEL (TPB/DWT) - ABASTECIMENTO E OUTROS - ATRACAÇÃO NO PORTO - LC",3,"QTD_MEDICAO","A","I - INFRAESTRUTURA DE ACESSO AQUAVIÁRIO ","Atual"
"SALVADOR","SALVADOR","S.I.2.1.9.2",10,141,"I.2.1.9.2","2023-01-19 18:25:43","TARIFA VARIÁVEL (TPB/DWT) - ABASTECIMENTO E OUTROS - ATRACAÇÃO EM TUPS  - LC",3,"QTD_MEDICAO","A","I - INFRAESTRUTURA DE ACESSO AQUAVIÁRIO ","Atual"
"SALVADOR","SALVADOR","S.I.2.2.1",10,142,"I.2.2.1","2023-01-19 18:25:43","TARIFA VARIÁVEL (TPB/DWT) - CARGA GERAL OU PROJETO SOLTA - CAB",3,"QTD_MEDICAO","A","I - INFRAESTRUTURA DE ACESSO AQUAVIÁRIO ","Atual"
"SALVADOR","SALVADOR","S.I.2.2.2",10,143,"I.2.2.2","2023-01-19 18:25:43","TARIFA VARIÁVEL (TPB/DWT) - CARGA GERALCONTEINERIZADA - CAB",3,"QTD_MEDICAO","A","I - INFRAESTRUTURA DE ACESSO AQUAVIÁRIO ","Atual"
"SALVADOR","SALVADOR","S.I.2.2.3.1",10,144,"I.2.2.3.1","2023-01-19 18:25:43","TARIFA VARIÁVEL (TPB/DWT) - GRANÉIS SOLIDOS MINERAIS - CAB",3,"QTD_MEDICAO","A","I - INFRAESTRUTURA DE ACESSO AQUAVIÁRIO ","Atual"
"SALVADOR","SALVADOR","S.I.2.2.3.2",10,145,"I.2.2.3.2","2023-01-19 18:25:43","TARIFA VARIÁVEL (TPB/DWT) - GRANÉIS SOLIDOS VEGETAIS - CAB",3,"QTD_MEDICAO","A","I - INFRAESTRUTURA DE ACESSO AQUAVIÁRIO ","Atual"
"SALVADOR","SALVADOR","S.I.2.2.4",10,146,"I.2.2.4","2023-01-19 18:25:43","TARIFA VARIÁVEL (TPB/DWT) - GRANÉIS LIQUIDOS - CAB",3,"QTD_MEDICAO","A","I - INFRAESTRUTURA DE ACESSO AQUAVIÁRIO ","Atual"
"SALVADOR","SALVADOR","S.I.2.2.6",10,147,"I.2.2.6","2023-01-19 18:25:43","TARIFA VARIÁVEL (TPB/DWT) - EMBARCAÇÕES ROLL-ON ROLL-OFF - CAB",3,"QTD_MEDICAO","A","I - INFRAESTRUTURA DE ACESSO AQUAVIÁRIO ","Atual"
"SALVADOR","SALVADOR","S.I.2.2.7",10,148,"I.2.2.7","2023-01-19 18:25:43","TARIFA VARIÁVEL (TPB/DWT) - EMBARCAÇÕES DE TURISMO, TRANSPORTE DE PASSAGEIROS - CAB",3,"QTD_MEDICAO","A","I - INFRAESTRUTURA DE ACESSO AQUAVIÁRIO ","Atual"
"SALVADOR","SALVADOR","S.I.2.2.9.1",10,149,"I.2.2.9.1","2023-01-19 18:25:43","TARIFA VARIÁVEL (TPB/DWT) - ABASTECIMENTO E OUTROS - ATRACAÇÃO NO PORTO - CAB",3,"QTD_MEDICAO","A","I - INFRAESTRUTURA DE ACESSO AQUAVIÁRIO ","Atual"
"SALVADOR","SALVADOR","S.I.2.2.9.2",10,150,"I.2.2.9.2","2023-01-19 18:25:43","TARIFA VARIÁVEL (TPB/DWT) - ABASTECIMENTO E OUTROS - ATRACAÇÃO EM TUPS  - CAB",3,"QTD_MEDICAO","A","I - INFRAESTRUTURA DE ACESSO AQUAVIÁRIO ","Atual"
"SALVADOR","SALVADOR","S.I.3",10,151,"I.3","2024-03-06 18:57:04","TARIFA FIXA FUNDEIO DE EMBARCAÇÕES LC/CABNI/AM 24H",11,"QTD_MEDICAO","A","I - INFRAESTRUTURA DE ACESSO AQUAVIÁRIO ","Atual"
"SALVADOR","SALVADOR","S.II.1.1.1",11,152,"II.1.1.1","2023-03-21 23:57:32","METRO LINEAR OCUPADA POR EMBARCAÇÃO P/ HORA OU FRAÇÃO, LIMITE 48H - LC",10,"(QTD_COMPRIMENTO_NAVIO+QTD_MA1_MEDICAO)*QTD_EST_NORMAL","A","II - INSTALAÇÕES DE ACOSTAGEM","Atual"
"SALVADOR","SALVADOR","S.II.1.1.2",11,153,"II.1.1.2","2023-03-21 23:57:39","METRO LINEAR OCUPADA POR EMBARCAÇÃO P/ HORA OU FRAÇÃO, LIMITE 48H - CABNI",10,"(QTD_COMPRIMENTO_NAVIO+QTD_MA1_MEDICAO)*QTD_EST_NORMAL","A","II - INSTALAÇÕES DE ACOSTAGEM","Atual"
"SALVADOR","SALVADOR","S.II.1.2.1",11,154,"II.1.2.1","2023-03-21 23:57:47","METRO LINEAR OCUPADA POR EMBARCAÇÃO P/ HORA OU FRAÇÃO, POS 48H - LC",10,"(QTD_COMPRIMENTO_NAVIO+QTD_MA1_MEDICAO)*QTD_EST_NORMAL","A","II - INSTALAÇÕES DE ACOSTAGEM","Atual"
"SALVADOR","SALVADOR","S.II.1.2.2",11,155,"II.1.2.2","2023-03-21 23:58:00","METRO LINEAR OCUPADA POR EMBARCAÇÃO P/ HORA OU FRAÇÃO, POS 48H - CABNI",10,"(QTD_COMPRIMENTO_NAVIO+QTD_MA1_MEDICAO)*QTD_EST_NORMAL","A","II - INSTALAÇÕES DE ACOSTAGEM","Atual"
"SALVADOR","SALVADOR","S.III.1.1",12,156,"III.1.1","2023-03-27 21:29:38","TONELADA - CARGA GERAL",3,"QTD_MEDICAO","A","III - INFRAESTRUTURA OPERACIONAL OU TERRESTRE ","Atual"
"SALVADOR","SALVADOR","S.III.1.2",12,157,"III.1.2","2023-03-27 21:29:47","TONELADA - GRANÉIS SÓLIDOS",3,"QTD_MEDICAO","A","III - INFRAESTRUTURA OPERACIONAL OU TERRESTRE ","Atual"
"SALVADOR","SALVADOR","S.III.1.3",12,158,"III.1.3","2023-03-27 21:29:56","TONELADA - GRANÉIS LÍQUIDOS E GASOSOS",3,"QTD_MEDICAO","A","III - INFRAESTRUTURA OPERACIONAL OU TERRESTRE ","Atual"
"SALVADOR","SALVADOR","S.III.2",12,159,"III.2","2023-03-27 21:30:07","CONTÊINER",14,"QTD_MA60_MEDICAO","A","III - INFRAESTRUTURA OPERACIONAL OU TERRESTRE ","Atual"
"SALVADOR","SALVADOR","S.III.4.1",12,160,"III.4.1 E","2023-03-27 21:30:19","PASSAGEIRO - ORIGEM PORTO NACIONAL(EMBARQUE)",1,"QTD_MA15_MEDICAO","A","III - INFRAESTRUTURA OPERACIONAL OU TERRESTRE ","Atual"
"SALVADOR","SALVADOR","S.III.4.2",12,161,"III.4.2 E","2023-03-27 21:37:36","PASSAGEIRO - ORIGEM PORTO INTERNACIONAL(EMBARQUE)",1,"QTD_MA15_MEDICAO","A","III - INFRAESTRUTURA OPERACIONAL OU TERRESTRE ","Atual"
"SALVADOR","SALVADOR","S.III.4.3",12,162,"III.4.3","2023-03-27 21:30:42","PASSAGEIRO - EM TRANSITO",1,"QTD_MA30_MEDICAO","A","III - INFRAESTRUTURA OPERACIONAL OU TERRESTRE ","Atual"
"SALVADOR","SALVADOR","S.III.5",12,163,"III.5","2023-03-27 21:30:53","TONELADA - COMBUSTÍVEL OU INFLAMÁVEIS",3,"QTD_MEDICAO","A","III - INFRAESTRUTURA OPERACIONAL OU TERRESTRE ","Atual"
"SALVADOR","SALVADOR","S.III.98",12,164,"III.98","2023-03-27 21:31:04","COBRANÇA AGENTE NOCIVO - TERRESTRE",3,"QTD_MEDICAO*0,35","A","III - INFRAESTRUTURA OPERACIONAL OU TERRESTRE ","Atual"
"SALVADOR","SALVADOR","S.V.1.1.1",13,165,"V.1.1.1","2023-05-09 13:38:54","ÁREA COBERTA - MERCADORIAS DIVERSAS ESTRANGEIRO - PRIMEIRO PERÍODO",12,"QTD_MEDICAO","A","V - UTILIZAÇÃO DE INFRAESTRUTURA DE ARMAZENAGEM ","Atual"
"SALVADOR","SALVADOR","S.V.1.1.2",13,166,"V.1.1.2","2023-05-09 13:39:01","ÁREA COBERTA - MERCADORIAS DIVERSAS ESTRANGEIRO - SEGUNDO PERÍODO",12,"QTD_MEDICAO","A","V - UTILIZAÇÃO DE INFRAESTRUTURA DE ARMAZENAGEM ","Atual"
"SALVADOR","SALVADOR","S.V.1.2.1",13,167,"V.1.2.1","2023-05-09 13:39:06","ÁREA COBERTA - MERCADORIAS DIVERSAS NACIONAL - PRIMEIRO PERÍODO",12,"QTD_MEDICAO","A","V - UTILIZAÇÃO DE INFRAESTRUTURA DE ARMAZENAGEM ","Atual"
"SALVADOR","SALVADOR","S.V.1.2.2",13,168,"V.1.2.2","2023-05-09 13:39:12","ÁREA COBERTA - MERCADORIAS DIVERSAS NACIONAL - SEGUNDO PERÍODO",12,"QTD_MEDICAO","A","V - UTILIZAÇÃO DE INFRAESTRUTURA DE ARMAZENAGEM ","Atual"
"SALVADOR","SALVADOR","S.V.1.5.1",13,169,"V.1.5.1","2023-05-09 13:40:55","ÁREA COBERTA - MERCADORIAS GRANEL SOLIDO - PRIMEIRO PERÍODO",12,"QTD_MEDICAO","A","V - UTILIZAÇÃO DE INFRAESTRUTURA DE ARMAZENAGEM ","Atual"
"SALVADOR","SALVADOR","S.V.1.5.2",13,170,"V.1.5.2","2023-05-09 13:39:26","ÁREA COBERTA - MERCADORIAS GRANEL SOLIDO - SEGUNDO PERÍODO",12,"QTD_MEDICAO","A","V - UTILIZAÇÃO DE INFRAESTRUTURA DE ARMAZENAGEM ","Atual"
"SALVADOR","SALVADOR","S.V.2.1.1",13,171,"V.2.1.1","2023-05-09 13:41:01","ÁREA DESCOBERTA - MERCADORIAS DIVERSAS ESTRANGEIRO - PRIMEIRO PERÍODO",12,"QTD_MEDICAO","A","V - UTILIZAÇÃO DE INFRAESTRUTURA DE ARMAZENAGEM ","Atual"
"SALVADOR","SALVADOR","S.V.2.1.2",13,172,"V.2.1.2","2023-05-09 13:39:31","ÁREA DESCOBERTA - MERCADORIAS DIVERSAS ESTRANGEIRO - SEGUNDO PERÍODO",12,"QTD_MEDICAO","A","V - UTILIZAÇÃO DE INFRAESTRUTURA DE ARMAZENAGEM ","Atual"
"SALVADOR","SALVADOR","S.V.2.2.1",13,173,"V.2.2.1","2023-05-09 13:39:36","ÁREA DESCOBERTA - MERCADORIAS DIVERSAS NACIONAL - PRIMEIRO PERÍODO",12,"QTD_MEDICAO","A","V - UTILIZAÇÃO DE INFRAESTRUTURA DE ARMAZENAGEM ","Atual"
"SALVADOR","SALVADOR","S.V.2.2.2",13,174,"V.2.2.2","2023-05-09 13:41:08","ÁREA DESCOBERTA - MERCADORIAS DIVERSAS NACIONAL - SEGUNDO PERÍODO",12,"QTD_MEDICAO","A","V - UTILIZAÇÃO DE INFRAESTRUTURA DE ARMAZENAGEM ","Atual"
"SALVADOR","SALVADOR","S.V.2.5.1",13,175,"V.2.5.1","2023-05-09 13:40:41","ÁREA DESCOBERTA - MERCADORIAS GRANEL SOLIDO - PRIMEIRO PERÍODO",12,"QTD_MEDICAO","A","V - UTILIZAÇÃO DE INFRAESTRUTURA DE ARMAZENAGEM ","Atual"
"SALVADOR","SALVADOR","S.V.2.5.2",13,176,"V.2.5.2","2023-05-09 13:41:20","ÁREA DESCOBERTA - MERCADORIAS GRANEL SOLIDO - SEGUNDO PERÍODO",12,"QTD_MEDICAO","A","V - UTILIZAÇÃO DE INFRAESTRUTURA DE ARMAZENAGEM ","Atual"
"SALVADOR","SALVADOR","S.V.3.1",13,177,"V.3.1","2023-05-09 13:40:32","VEÍCULOS - PRIMEIRO PERÍODO",12,"QTD_MEDICAO","A","V - UTILIZAÇÃO DE INFRAESTRUTURA DE ARMAZENAGEM ","Atual"
"SALVADOR","SALVADOR","S.V.3.2",13,178,"V.3.2","2023-05-09 13:39:45","VEÍCULOS - SEGUNDO PERÍODO",12,"QTD_MEDICAO","A","V - UTILIZAÇÃO DE INFRAESTRUTURA DE ARMAZENAGEM ","Atual"
"SALVADOR","SALVADOR","S.VI.1.1",14,179,"VI.1.1","2023-04-05 23:26:26","GUINDASTE ELÉTRICO POR HORA - 5TON",10,"(QTD_MEDICAO*QTD_PRD_COBRANCA)","A","VI - UTILIZAÇÃO DE EQUIPAMENTOS ","Atual"
"SALVADOR","SALVADOR","S.VI.17.1",14,180,"VI.17.1","2023-04-05 23:29:19","UTILIZAÇÃO DE ESCADA DE EMBARQUE OU DESEMBARQUE DE PESSOAS, POR DIA OU FRAÇÃO.",12,"(QTD_MEDICAO*QTD_PRD_COBRANCA)","A","VI - UTILIZAÇÃO DE EQUIPAMENTOS ","Atual"
"SALVADOR","SALVADOR","S.VI.17.2",14,181,"VI.17.2","2023-04-05 23:29:27","UTILIZAÇÃO DE ?UTUANTE PARA NAVIOS, POR DIA OU FRAÇÃO.",12,"(QTD_MEDICAO*QTD_PRD_COBRANCA)","A","VI - UTILIZAÇÃO DE EQUIPAMENTOS ","Atual"
"SALVADOR","SALVADOR","S.VII.1",15,182,"VII.1","2023-04-06 00:12:58","ENTREGA DE ÁGUA POTÁVEL",6,"QTD_MEDICAO","A","VII - DIVERSOS PADRONIZADOS","Atual"
"SALVADOR","SALVADOR","S.VII.1.9",15,183,"VII.1.9","2023-11-06 14:58:12","RECUPERAÇAO DESPESA - CONSUMO ÁGUA",6,"QTD_MEDICAO","A","VII - DIVERSOS PADRONIZADOS","Atual"
"SALVADOR","SALVADOR","S.VII.2.1",15,184,"VII.2.1","2023-04-06 00:13:19","ENTREGA DE ENERGIA ELÉTRICA",4,"QTD_MEDICAO","A","VII - DIVERSOS PADRONIZADOS","Atual"
"SALVADOR","SALVADOR","S.VII.2.1.9",15,185,"VII.2.1.9","2023-04-06 00:13:31","RECUPERAÇAO DESPESA - CONSUMO ENERGIA ELÉTRICA",4,"QTD_MEDICAO","A","VII - DIVERSOS PADRONIZADOS","Atual"
"SALVADOR","SALVADOR","S.VII.6",15,186,"VII.6","2023-05-11 16:04:28","PESAGEM DE MERCADORIAS",3,"QTD_MEDICAO/1000","A","VII - DIVERSOS PADRONIZADOS","Atual"
"SALVADOR","SALVADOR","S.VII.10",15,187,"VII.10","2023-04-06 00:11:14","UTILIZAÇÃO DE ÁREA EM ARMAZÉNS",12,"(QTD_MEDICAO*QTD_PRD_COBRANCA)","A","VII - DIVERSOS PADRONIZADOS","Atual"
"SALVADOR","SALVADOR","S.VII.11",15,188,"VII.11","2023-04-06 00:11:00","UTILIZAÇÃO DE ÁREA EM PÁTIOS",12,"(QTD_MEDICAO*QTD_PRD_COBRANCA)","A","VII - DIVERSOS PADRONIZADOS","Atual"
"SALVADOR","SALVADOR","S.VII.12",15,189,"VII.12","2023-04-06 00:14:02","FORNECIMENTO DE CERTIDÕES OU CERTIFICADOS",1,"QTD_MEDICAO","A","VII - DIVERSOS PADRONIZADOS","Atual"
"SALVADOR","SALVADOR","S.VII.14",15,190,"VII.14","2023-04-06 00:10:05","UTILIZAÇÃO DE ÁREA COBERTA",12,"QTD_MEDICAO","A","VII - DIVERSOS PADRONIZADOS","Atual"
"SALVADOR","SALVADOR","S.VII.15",15,191,"VII.15","2023-04-06 00:10:14","UTILIZAÇÃO DE ÁREA DESCOBERTA",12,"(QTD_MEDICAO*QTD_PRD_COBRANCA)","A","VII - DIVERSOS PADRONIZADOS","Atual"
"SALVADOR","SALVADOR","S.VII.98",15,192,"VII.98","2023-04-06 00:14:35","COBRANÇA AGENTE NOCIVO - DIVERSOS",3,"QTD_MEDICAO","A","VII - DIVERSOS PADRONIZADOS","Atual"
"SALVADOR","SALVADOR","S.VII.99",15,193,"VII.99","2023-04-06 00:14:22","DIFERENÇA DO VALOR MÍNIMO - DIVERSOS",1,"QTD_MEDICAO","A","VII - DIVERSOS PADRONIZADOS","Atual"
"SALVADOR","SALVADOR","S.VIII.1.1.1",16,194,"VIII.1.1.1","2023-05-09 13:43:03","CARGAS NÃO CONSOLIDADAS - CARGA GERAL - EM PÁTIO",7,"QTD_MEDICAO","A","VIII - USO TEMPORÁRIO E ARRENDAMENTO REALIZADO COM BASE EM ESTUDOS SIMPLI?CADOS","Atual"
"SALVADOR","SALVADOR","S.VIII.1.1.2",16,195,"VIII.1.1.2","2023-05-09 13:43:10","CARGAS NÃO CONSOLIDADAS - CARGA GERAL - EM ARMAZEM",7,"QTD_MEDICAO","A","VIII - USO TEMPORÁRIO E ARRENDAMENTO REALIZADO COM BASE EM ESTUDOS SIMPLI?CADOS","Atual"
"SALVADOR","SALVADOR","S.VIII.1.2.1",16,196,"VIII.1.2.1","2023-05-09 13:43:57","CARGAS NÃO CONSOLIDADAS - GRANEL SÓLIDO - EM PÁTIO",7,"QTD_MEDICAO","A","VIII - USO TEMPORÁRIO E ARRENDAMENTO REALIZADO COM BASE EM ESTUDOS SIMPLI?CADOS","Atual"
"SALVADOR","SALVADOR","S.VIII.1.2.2",16,197,"VIII.1.2.2","2023-05-09 13:44:11","CARGAS NÃO CONSOLIDADAS - GRANEL SÓLIDO - EM ARMAZEM",7,"QTD_MEDICAO","A","VIII - USO TEMPORÁRIO E ARRENDAMENTO REALIZADO COM BASE EM ESTUDOS SIMPLI?CADOS","Atual"
"SALVADOR","SALVADOR","S.VIII.2.1",16,198,"VIII.2.1","2023-05-09 13:44:20","PLATAFORMA OFFSHORE - EM PÁTIO",7,"QTD_MEDICAO","A","VIII - USO TEMPORÁRIO E ARRENDAMENTO REALIZADO COM BASE EM ESTUDOS SIMPLI?CADOS","Atual"
"SALVADOR","SALVADOR","S.VIII.2.2",16,199,"VIII.2.2","2023-05-09 13:43:41","PLATAFORMA OFFSHORE - EM ARMAZEM",7,"QTD_MEDICAO","A","VIII - USO TEMPORÁRIO E ARRENDAMENTO REALIZADO COM BASE EM ESTUDOS SIMPLI?CADOS","Atual"
"SALVADOR","SALVADOR","S.VIII.3.2.3.1.1",16,200,"VIII.3.2.3.1.1","2023-05-09 13:43:48","ÁREA MOVIMENTAÇÃO/ARMAZENAGEM - GIRO 12",7,"QTD_MEDICAO","A","VIII - USO TEMPORÁRIO E ARRENDAMENTO REALIZADO COM BASE EM ESTUDOS SIMPLI?CADOS","Atual"
"SALVADOR","SALVADOR","S.IX.1",17,201,"IX.1","2023-05-09 13:45:10","UTILIZAÇÃO DE CONTÊINER PARA ESCRITÓRIO, DEPÓSITO E OUTRAS ?NALIDADES",7,"QTD_MEDICAO","A","IX - COMPLEMENTARES ","Atual"
"SALVADOR","SALVADOR","S.IX.2",17,202,"IX.2","2023-05-09 13:45:04","UTILIZAÇÃO DE PLATAFORMA FITOSSANITÁRIA",14,"QTD_MEDICAO","A","IX - COMPLEMENTARES ","Atual"
"SALVADOR","SALVADOR","S.III.C.12.00.1",12,203,"III.C.12.00.1","2024-04-10 11:07:57","CARGA GERAL - TECON CONTRATO 12/2000. (LC.)",3,"QTD_MEDICAO","D","III - INFRAESTRUTURA OPERACIONAL OU TERRESTRE ","Atual"
"SALVADOR","SALVADOR","S.III.C.12.00.2",12,204,"III.C.12.00.2","2024-04-10 11:08:44","CARGA GERAL - TECON CONTRATO 12/2000. (CAB)",3,"QTD_MEDICAO","D","III - INFRAESTRUTURA OPERACIONAL OU TERRESTRE ","Atual"
"SALVADOR","SALVADOR","S.III.C.12.00.3",12,205,"III.C.12.00.3","2024-04-10 11:09:43","CONTEINER  - TECON CONTRATO 12/2000 (LC.)",14,"QTD_MA60_MEDICAO","D","III - INFRAESTRUTURA OPERACIONAL OU TERRESTRE ","Atual"
"SALVADOR","SALVADOR","S.III.C.12.00.4",12,206,"III.C.12.00.4","2024-04-10 11:10:34","CONTEINER - TECON CONTRATO 12/2000 (CAB)",14,"QTD_MA60_MEDICAO","D","III - INFRAESTRUTURA OPERACIONAL OU TERRESTRE ","Atual"
"SALVADOR","SALVADOR","S.II.1.1.1.9",11,207,"II.1.1.1.9","2023-03-22 00:49:31","METRO LINEAR OCUPADA POR EMBARCAÇÃO P/ HORA OU FRAÇÃO, LIMITE 48H - LC - DOBRO",10,"(QTD_COMPRIMENTO_NAVIO+QTD_MA1_MEDICAO)*QTD_ESTADIA_HR","A","II - INSTALAÇÕES DE ACOSTAGEM","Atual"
"SALVADOR","SALVADOR","S.II.1.1.2.9",11,208,"II.1.1.2.9","2023-03-22 00:49:47","METRO LINEAR OCUPADA POR EMBARCAÇÃO P/ HORA OU FRAÇÃO, LIMITE 48H - CABNI - DOBRO",10,"(QTD_COMPRIMENTO_NAVIO+QTD_MA1_MEDICAO)*QTD_ESTADIA_HR","A","II - INSTALAÇÕES DE ACOSTAGEM","Atual"
"SALVADOR","SALVADOR","S.II.1.2.1.9",11,209,"II.1.2.1.9","2023-03-22 00:50:03","METRO LINEAR OCUPADA POR EMBARCAÇÃO P/ HORA OU FRAÇÃO, POS 48H - LC - DOBRO",10,"(QTD_COMPRIMENTO_NAVIO+QTD_MA1_MEDICAO)*QTD_ESTADIA_HR","A","II - INSTALAÇÕES DE ACOSTAGEM","Atual"
"SALVADOR","SALVADOR","S.II.1.2.2.9",11,210,"II.1.2.2.9","2023-03-22 00:50:17","METRO LINEAR OCUPADA POR EMBARCAÇÃO P/ HORA OU FRAÇÃO, POS 48H - CABNI - DOBRO",10,"(QTD_COMPRIMENTO_NAVIO+QTD_MA1_MEDICAO)*QTD_ESTADIA_HR","A","II - INSTALAÇÕES DE ACOSTAGEM","Atual"
"SALVADOR","SALVADOR","S.III.4.1",12,211,"III.4.1 D","2023-03-27 11:40:38","PASSAGEIRO - ORIGEM PORTO NACIONAL(DESEMBARQUE)",1,"QTD_MA1_MEDICAO","A","III - INFRAESTRUTURA OPERACIONAL OU TERRESTRE ","Atual"
"SALVADOR","SALVADOR","S.III.4.2",12,212,"III.4.2 D","2023-03-27 21:41:22","PASSAGEIRO - ORIGEM PORTO INTERNACIONAL(DESEMBARQUE)",1,"QTD_MA1_MEDICAO","A","III - INFRAESTRUTURA OPERACIONAL OU TERRESTRE ","Atual"
"SALVADOR","SALVADOR","S.III.97",12,213,"III.97","2023-05-30 19:05:40","REMO(BORDO) - TRANSBOR(EMBARQUE) LC",14,"QTD_MEDICAO","A","III - INFRAESTRUTURA OPERACIONAL OU TERRESTRE ","Atual"
"SALVADOR","SALVADOR","S.III.99",12,214,"III.99","2023-05-30 19:06:16","REMO(BORDO) - TRANSBOR(EMBARQUE) (CAB",14,"QTD_MEDICAO","A","III - INFRAESTRUTURA OPERACIONAL OU TERRESTRE ","Atual"
